service_date,total_sales,total_usage,circulating_credit,source_file,source_period,source_granularity,source_generated_at
2026-07-01,370.0,0.0,370.0,Dados de Utilização do Transporte Municipal/Julho_2026/Mensal/Saldos.html,Julho_2026,monthly,2026-08-04T14:37:00
2026-07-02,150.0,0.0,150.0,Dados de Utilização do Transporte Municipal/Julho_2026/Mensal/Saldos.html,Julho_2026,monthly,2026-08-04T14:37:00
2026-07-06,860.0,0.0,860.0,Dados de Utilização do Transporte Municipal/Julho_2026/Mensal/Saldos.html,Julho_2026,monthly,2026-08-04T14:37:00
2026-07-07,445.0,0.0,445.0,Dados de Utilização do Transporte Municipal/Julho_2026/Mensal/Saldos.html,Julho_2026,monthly,2026-08-04T14:37:00
2026-07-08,2735.0,0.0,2735.0,Dados de Utilização do Transporte Municipal/Julho_2026/Mensal/Saldos.html,Julho_2026,monthly,2026-08-04T14:37:00
2026-07-09,6480.0,0.0,6480.0,Dados de Utilização do Transporte Municipal/Julho_2026/Mensal/Saldos.html,Julho_2026,monthly,2026-08-04T14:37:00
2026-07-10,2730.0,0.0,2730.0,Dados de Utilização do Transporte Municipal/Julho_2026/Mensal/Saldos.html,Julho_2026,monthly,2026-08-04T14:37:00
2026-07-13,11095.0,0.0,11095.0,Dados de Utilização do Transporte Municipal/Julho_2026/Mensal/Saldos.html,Julho_2026,monthly,2026-08-04T14:37:00
2026-07-14,11170.0,0.0,11170.0,Dados de Utilização do Transporte Municipal/Julho_2026/Mensal/Saldos.html,Julho_2026,monthly,2026-08-04T14:37:00
2026-07-15,9465.0,2035.0,7430.0,Dados de Utilização do Transporte Municipal/Julho_2026/Mensal/Saldos.html,Julho_2026,monthly,2026-08-04T14:37:00
2026-07-16,19785.0,2560.0,17225.0,Dados de Utilização do Transporte Municipal/Julho_2026/Mensal/Saldos.html,Julho_2026,monthly,2026-08-04T14:37:00
2026-07-17,8597.97,2805.0,5792.97,Dados de Utilização do Transporte Municipal/Julho_2026/Mensal/Saldos.html,Julho_2026,monthly,2026-08-04T14:37:00
2026-07-18,0.0,1225.0,-1225.0,Dados de Utilização do Transporte Municipal/Julho_2026/Mensal/Saldos.html,Julho_2026,monthly,2026-08-04T14:37:00
2026-07-19,0.0,425.0,-425.0,Dados de Utilização do Transporte Municipal/Julho_2026/Mensal/Saldos.html,Julho_2026,monthly,2026-08-04T14:37:00
2026-07-20,37920.0,3355.0,34565.0,Dados de Utilização do Transporte Municipal/Julho_2026/Mensal/Saldos.html,Julho_2026,monthly,2026-08-04T14:37:00
2026-07-21,14544.0,3705.0,10839.0,Dados de Utilização do Transporte Municipal/Julho_2026/Mensal/Saldos.html,Julho_2026,monthly,2026-08-04T14:37:00
2026-07-22,71303.33,3845.0,67458.33,Dados de Utilização do Transporte Municipal/Julho_2026/Mensal/Saldos.html,Julho_2026,monthly,2026-08-04T14:37:00
2026-07-23,22340.0,4170.0,18170.0,Dados de Utilização do Transporte Municipal/Julho_2026/Mensal/Saldos.html,Julho_2026,monthly,2026-08-04T14:37:00
2026-07-24,66616.53,4160.0,62456.53,Dados de Utilização do Transporte Municipal/Julho_2026/Mensal/Saldos.html,Julho_2026,monthly,2026-08-04T14:37:00
2026-07-25,0.0,1535.0,-1535.0,Dados de Utilização do Transporte Municipal/Julho_2026/Mensal/Saldos.html,Julho_2026,monthly,2026-08-04T14:37:00
2026-07-26,0.0,730.0,-730.0,Dados de Utilização do Transporte Municipal/Julho_2026/Mensal/Saldos.html,Julho_2026,monthly,2026-08-04T14:37:00
2026-07-27,74525.0,3665.0,70860.0,Dados de Utilização do Transporte Municipal/Julho_2026/Mensal/Saldos.html,Julho_2026,monthly,2026-08-04T14:37:00
2026-07-28,64510.0,2695.0,61815.0,Dados de Utilização do Transporte Municipal/Julho_2026/Mensal/Saldos.html,Julho_2026,monthly,2026-08-04T14:37:00
2026-07-29,83000.0,5205.0,77795.0,Dados de Utilização do Transporte Municipal/Julho_2026/Mensal/Saldos.html,Julho_2026,monthly,2026-08-04T14:37:00
2026-07-30,24938.8,6120.0,18818.8,Dados de Utilização do Transporte Municipal/Julho_2026/Mensal/Saldos.html,Julho_2026,monthly,2026-08-04T14:37:00
2026-07-31,19845.0,6920.0,12925.0,Dados de Utilização do Transporte Municipal/Julho_2026/Mensal/Saldos.html,Julho_2026,monthly,2026-08-04T14:37:00
2026-08-01,0.0,3380.0,-3380.0,Dados de Utilização do Transporte Municipal/Agosto_2026/Mensal/Saldos_Mensal.html,Agosto_2026,monthly,2026-09-04T08:01:00
2026-08-02,0.0,1980.0,-1980.0,Dados de Utilização do Transporte Municipal/Agosto_2026/Mensal/Saldos_Mensal.html,Agosto_2026,monthly,2026-09-04T08:01:00
2026-08-03,11692.0,8610.0,3082.0,Dados de Utilização do Transporte Municipal/Agosto_2026/Mensal/Saldos_Mensal.html,Agosto_2026,monthly,2026-09-04T08:01:00
2026-08-04,12720.0,9055.0,3665.0,Dados de Utilização do Transporte Municipal/Agosto_2026/Mensal/Saldos_Mensal.html,Agosto_2026,monthly,2026-09-04T08:01:00
2026-08-05,18271.0,9465.0,8806.0,Dados de Utilização do Transporte Municipal/Agosto_2026/Mensal/Saldos_Mensal.html,Agosto_2026,monthly,2026-09-04T08:01:00
2026-08-06,11450.0,10430.0,1020.0,Dados de Utilização do Transporte Municipal/Agosto_2026/Mensal/Saldos_Mensal.html,Agosto_2026,monthly,2026-09-04T08:01:00
2026-08-07,4851.0,10430.0,-5579.0,Dados de Utilização do Transporte Municipal/Agosto_2026/Mensal/Saldos_Mensal.html,Agosto_2026,monthly,2026-09-04T08:01:00
2026-08-08,0.0,5100.0,-5100.0,Dados de Utilização do Transporte Municipal/Agosto_2026/Mensal/Saldos_Mensal.html,Agosto_2026,monthly,2026-09-04T08:01:00
2026-08-09,0.0,2580.0,-2580.0,Dados de Utilização do Transporte Municipal/Agosto_2026/Mensal/Saldos_Mensal.html,Agosto_2026,monthly,2026-09-04T08:01:00
2026-08-10,12607.68,11285.0,1322.68,Dados de Utilização do Transporte Municipal/Agosto_2026/Mensal/Saldos_Mensal.html,Agosto_2026,monthly,2026-09-04T08:01:00
2026-08-11,11100.0,12120.0,-1020.0,Dados de Utilização do Transporte Municipal/Agosto_2026/Mensal/Saldos_Mensal.html,Agosto_2026,monthly,2026-09-04T08:01:00
2026-08-12,9880.0,12355.0,-2475.0,Dados de Utilização do Transporte Municipal/Agosto_2026/Mensal/Saldos_Mensal.html,Agosto_2026,monthly,2026-09-04T08:01:00
2026-08-13,4384.86,12675.0,-8290.14,Dados de Utilização do Transporte Municipal/Agosto_2026/Mensal/Saldos_Mensal.html,Agosto_2026,monthly,2026-09-04T08:01:00
2026-08-14,4900.0,12505.0,-7605.0,Dados de Utilização do Transporte Municipal/Agosto_2026/Mensal/Saldos_Mensal.html,Agosto_2026,monthly,2026-09-04T08:01:00
2026-08-15,0.0,5600.0,-5600.0,Dados de Utilização do Transporte Municipal/Agosto_2026/Mensal/Saldos_Mensal.html,Agosto_2026,monthly,2026-09-04T08:01:00
2026-08-16,0.0,3165.0,-3165.0,Dados de Utilização do Transporte Municipal/Agosto_2026/Mensal/Saldos_Mensal.html,Agosto_2026,monthly,2026-09-04T08:01:00
2026-08-17,61092.0,12650.0,48442.0,Dados de Utilização do Transporte Municipal/Agosto_2026/Mensal/Saldos_Mensal.html,Agosto_2026,monthly,2026-09-04T08:01:00
2026-08-18,34170.0,13135.0,21035.0,Dados de Utilização do Transporte Municipal/Agosto_2026/Mensal/Saldos_Mensal.html,Agosto_2026,monthly,2026-09-04T08:01:00
2026-08-19,22050.0,13215.0,8835.0,Dados de Utilização do Transporte Municipal/Agosto_2026/Mensal/Saldos_Mensal.html,Agosto_2026,monthly,2026-09-04T08:01:00
2026-08-20,14480.0,13565.0,915.0,Dados de Utilização do Transporte Municipal/Agosto_2026/Mensal/Saldos_Mensal.html,Agosto_2026,monthly,2026-09-04T08:01:00
2026-08-21,11084.0,12890.0,-1806.0,Dados de Utilização do Transporte Municipal/Agosto_2026/Mensal/Saldos_Mensal.html,Agosto_2026,monthly,2026-09-04T08:01:00
2026-08-22,0.0,6255.0,-6255.0,Dados de Utilização do Transporte Municipal/Agosto_2026/Mensal/Saldos_Mensal.html,Agosto_2026,monthly,2026-09-04T08:01:00
2026-08-23,0.0,3415.0,-3415.0,Dados de Utilização do Transporte Municipal/Agosto_2026/Mensal/Saldos_Mensal.html,Agosto_2026,monthly,2026-09-04T08:01:00
2026-08-24,50630.0,13215.0,37415.0,Dados de Utilização do Transporte Municipal/Agosto_2026/Mensal/Saldos_Mensal.html,Agosto_2026,monthly,2026-09-04T08:01:00
2026-08-25,138950.0,13700.0,125250.0,Dados de Utilização do Transporte Municipal/Agosto_2026/Mensal/Saldos_Mensal.html,Agosto_2026,monthly,2026-09-04T08:01:00
2026-08-26,75650.0,13580.0,62070.0,Dados de Utilização do Transporte Municipal/Agosto_2026/Mensal/Saldos_Mensal.html,Agosto_2026,monthly,2026-09-04T08:01:00
2026-08-27,100000.0,13760.0,86240.0,Dados de Utilização do Transporte Municipal/Agosto_2026/Mensal/Saldos_Mensal.html,Agosto_2026,monthly,2026-09-04T08:01:00
2026-08-28,35595.0,14180.0,21415.0,Dados de Utilização do Transporte Municipal/Agosto_2026/Mensal/Saldos_Mensal.html,Agosto_2026,monthly,2026-09-04T08:01:00
2026-08-29,0.0,7305.0,-7305.0,Dados de Utilização do Transporte Municipal/Agosto_2026/Mensal/Saldos_Mensal.html,Agosto_2026,monthly,2026-09-04T08:01:00
2026-08-30,0.0,4015.0,-4015.0,Dados de Utilização do Transporte Municipal/Agosto_2026/Mensal/Saldos_Mensal.html,Agosto_2026,monthly,2026-09-04T08:01:00
2026-08-31,23048.17,14125.0,8923.17,Dados de Utilização do Transporte Municipal/Agosto_2026/Mensal/Saldos_Mensal.html,Agosto_2026,monthly,2026-09-04T08:01:00
2026-09-01,12848.33,14800.0,-1951.67,Dados de Utilização do Transporte Municipal/Setembro_2026/Quinzenal/Saldos_Quinzenal.html,Setembro_2026,fortnightly,2026-09-15T08:01:00
2026-09-02,10880.0,15335.0,-4455.0,Dados de Utilização do Transporte Municipal/Setembro_2026/Quinzenal/Saldos_Quinzenal.html,Setembro_2026,fortnightly,2026-09-15T08:01:00
2026-09-03,7970.0,15785.0,-7815.0,Dados de Utilização do Transporte Municipal/Setembro_2026/Quinzenal/Saldos_Quinzenal.html,Setembro_2026,fortnightly,2026-09-15T08:01:00
2026-09-04,14675.0,14790.0,-115.0,Dados de Utilização do Transporte Municipal/Setembro_2026/Quinzenal/Saldos_Quinzenal.html,Setembro_2026,fortnightly,2026-09-15T08:01:00
2026-09-05,0.0,7160.0,-7160.0,Dados de Utilização do Transporte Municipal/Setembro_2026/Quinzenal/Saldos_Quinzenal.html,Setembro_2026,fortnightly,2026-09-15T08:01:00
2026-09-06,0.0,3090.0,-3090.0,Dados de Utilização do Transporte Municipal/Setembro_2026/Quinzenal/Saldos_Quinzenal.html,Setembro_2026,fortnightly,2026-09-15T08:01:00
2026-09-07,0.0,5220.0,-5220.0,Dados de Utilização do Transporte Municipal/Setembro_2026/Quinzenal/Saldos_Quinzenal.html,Setembro_2026,fortnightly,2026-09-15T08:01:00
2026-09-08,10305.0,14695.0,-4390.0,Dados de Utilização do Transporte Municipal/Setembro_2026/Quinzenal/Saldos_Quinzenal.html,Setembro_2026,fortnightly,2026-09-15T08:01:00
2026-09-09,15230.01,15165.0,65.01,Dados de Utilização do Transporte Municipal/Setembro_2026/Quinzenal/Saldos_Quinzenal.html,Setembro_2026,fortnightly,2026-09-15T08:01:00
2026-09-10,7855.0,15485.0,-7630.0,Dados de Utilização do Transporte Municipal/Setembro_2026/Quinzenal/Saldos_Quinzenal.html,Setembro_2026,fortnightly,2026-09-15T08:01:00
2026-09-11,6470.0,15160.0,-8690.0,Dados de Utilização do Transporte Municipal/Setembro_2026/Quinzenal/Saldos_Quinzenal.html,Setembro_2026,fortnightly,2026-09-15T08:01:00
2026-09-12,0.0,7420.0,-7420.0,Dados de Utilização do Transporte Municipal/Setembro_2026/Quinzenal/Saldos_Quinzenal.html,Setembro_2026,fortnightly,2026-09-15T08:01:00
2026-09-13,0.0,4195.0,-4195.0,Dados de Utilização do Transporte Municipal/Setembro_2026/Quinzenal/Saldos_Quinzenal.html,Setembro_2026,fortnightly,2026-09-15T08:01:00
2026-09-14,4325.0,15305.0,-10980.0,Dados de Utilização do Transporte Municipal/Setembro_2026/Quinzenal/Saldos_Quinzenal.html,Setembro_2026,fortnightly,2026-09-15T08:01:00
