service_date,series,credits_transferred,closing_balance,source_file,source_period,source_granularity,source_generated_at
2026-07-15,1,9365.0,20954322.98,Dados de Utilização do Transporte Municipal/Julho_2026/Mensal/Saldos.html,Julho_2026,monthly,2026-08-04T14:37:00
2026-07-16,1,5100.0,20949222.98,Dados de Utilização do Transporte Municipal/Julho_2026/Mensal/Saldos.html,Julho_2026,monthly,2026-08-04T14:37:00
2026-07-17,1,18833.97,20930389.01,Dados de Utilização do Transporte Municipal/Julho_2026/Mensal/Saldos.html,Julho_2026,monthly,2026-08-04T14:37:00
2026-07-19,1,4269.0,20926120.01,Dados de Utilização do Transporte Municipal/Julho_2026/Mensal/Saldos.html,Julho_2026,monthly,2026-08-04T14:37:00
2026-07-20,1,37860.0,20888260.01,Dados de Utilização do Transporte Municipal/Julho_2026/Mensal/Saldos.html,Julho_2026,monthly,2026-08-04T14:37:00
2026-07-21,1,2439.0,20885821.01,Dados de Utilização do Transporte Municipal/Julho_2026/Mensal/Saldos.html,Julho_2026,monthly,2026-08-04T14:37:00
2026-07-22,1,2280.0,20883541.01,Dados de Utilização do Transporte Municipal/Julho_2026/Mensal/Saldos.html,Julho_2026,monthly,2026-08-04T14:37:00
2026-07-23,1,104448.33,20779092.68,Dados de Utilização do Transporte Municipal/Julho_2026/Mensal/Saldos.html,Julho_2026,monthly,2026-08-04T14:37:00
2026-07-24,1,66956.53,20712136.15,Dados de Utilização do Transporte Municipal/Julho_2026/Mensal/Saldos.html,Julho_2026,monthly,2026-08-04T14:37:00
2026-07-27,1,69040.0,20643096.15,Dados de Utilização do Transporte Municipal/Julho_2026/Mensal/Saldos.html,Julho_2026,monthly,2026-08-04T14:37:00
2026-07-28,1,6055.0,20637041.15,Dados de Utilização do Transporte Municipal/Julho_2026/Mensal/Saldos.html,Julho_2026,monthly,2026-08-04T14:37:00
2026-07-29,1,147490.0,20489421.15,Dados de Utilização do Transporte Municipal/Julho_2026/Mensal/Saldos.html,Julho_2026,monthly,2026-08-04T14:37:00
2026-07-30,1,22158.8,20467032.35,Dados de Utilização do Transporte Municipal/Julho_2026/Mensal/Saldos.html,Julho_2026,monthly,2026-08-04T14:37:00
2026-07-31,1,27560.0,20439472.35,Dados de Utilização do Transporte Municipal/Julho_2026/Mensal/Saldos.html,Julho_2026,monthly,2026-08-04T14:37:00
2026-08-02,1,4805.0,20434667.35,Dados de Utilização do Transporte Municipal/Agosto_2026/Mensal/Saldos_Mensal.html,Agosto_2026,monthly,2026-09-04T08:01:00
2026-08-03,1,11932.0,20422735.35,Dados de Utilização do Transporte Municipal/Agosto_2026/Mensal/Saldos_Mensal.html,Agosto_2026,monthly,2026-09-04T08:01:00
2026-08-04,1,12485.0,20410250.35,Dados de Utilização do Transporte Municipal/Agosto_2026/Mensal/Saldos_Mensal.html,Agosto_2026,monthly,2026-09-04T08:01:00
2026-08-05,1,17301.0,20392949.35,Dados de Utilização do Transporte Municipal/Agosto_2026/Mensal/Saldos_Mensal.html,Agosto_2026,monthly,2026-09-04T08:01:00
2026-08-06,1,8490.0,20384459.35,Dados de Utilização do Transporte Municipal/Agosto_2026/Mensal/Saldos_Mensal.html,Agosto_2026,monthly,2026-09-04T08:01:00
2026-08-07,1,10621.0,20373838.35,Dados de Utilização do Transporte Municipal/Agosto_2026/Mensal/Saldos_Mensal.html,Agosto_2026,monthly,2026-09-04T08:01:00
2026-08-10,1,12807.68,20361030.67,Dados de Utilização do Transporte Municipal/Agosto_2026/Mensal/Saldos_Mensal.html,Agosto_2026,monthly,2026-09-04T08:01:00
2026-08-11,1,10600.0,20350430.67,Dados de Utilização do Transporte Municipal/Agosto_2026/Mensal/Saldos_Mensal.html,Agosto_2026,monthly,2026-09-04T08:01:00
2026-08-12,1,10650.0,20339780.67,Dados de Utilização do Transporte Municipal/Agosto_2026/Mensal/Saldos_Mensal.html,Agosto_2026,monthly,2026-09-04T08:01:00
2026-08-13,1,4194.86,20335585.81,Dados de Utilização do Transporte Municipal/Agosto_2026/Mensal/Saldos_Mensal.html,Agosto_2026,monthly,2026-09-04T08:01:00
2026-08-14,1,4770.0,20330815.81,Dados de Utilização do Transporte Municipal/Agosto_2026/Mensal/Saldos_Mensal.html,Agosto_2026,monthly,2026-09-04T08:01:00
2026-08-15,1,300.0,20330515.81,Dados de Utilização do Transporte Municipal/Agosto_2026/Mensal/Saldos_Mensal.html,Agosto_2026,monthly,2026-09-04T08:01:00
2026-08-17,1,60122.0,20270393.81,Dados de Utilização do Transporte Municipal/Agosto_2026/Mensal/Saldos_Mensal.html,Agosto_2026,monthly,2026-09-04T08:01:00
2026-08-18,1,33240.0,20237153.81,Dados de Utilização do Transporte Municipal/Agosto_2026/Mensal/Saldos_Mensal.html,Agosto_2026,monthly,2026-09-04T08:01:00
2026-08-19,1,22050.0,20215103.81,Dados de Utilização do Transporte Municipal/Agosto_2026/Mensal/Saldos_Mensal.html,Agosto_2026,monthly,2026-09-04T08:01:00
2026-08-20,1,15305.0,20199798.81,Dados de Utilização do Transporte Municipal/Agosto_2026/Mensal/Saldos_Mensal.html,Agosto_2026,monthly,2026-09-04T08:01:00
2026-08-21,1,11634.0,20188164.81,Dados de Utilização do Transporte Municipal/Agosto_2026/Mensal/Saldos_Mensal.html,Agosto_2026,monthly,2026-09-04T08:01:00
2026-08-22,1,635.0,20187529.81,Dados de Utilização do Transporte Municipal/Agosto_2026/Mensal/Saldos_Mensal.html,Agosto_2026,monthly,2026-09-04T08:01:00
2026-08-24,1,50450.0,20137079.81,Dados de Utilização do Transporte Municipal/Agosto_2026/Mensal/Saldos_Mensal.html,Agosto_2026,monthly,2026-09-04T08:01:00
2026-08-25,1,140260.0,19996819.81,Dados de Utilização do Transporte Municipal/Agosto_2026/Mensal/Saldos_Mensal.html,Agosto_2026,monthly,2026-09-04T08:01:00
2026-08-26,1,74910.0,19921909.81,Dados de Utilização do Transporte Municipal/Agosto_2026/Mensal/Saldos_Mensal.html,Agosto_2026,monthly,2026-09-04T08:01:00
2026-08-27,1,99850.0,19822059.81,Dados de Utilização do Transporte Municipal/Agosto_2026/Mensal/Saldos_Mensal.html,Agosto_2026,monthly,2026-09-04T08:01:00
2026-08-28,1,35360.0,19786699.81,Dados de Utilização do Transporte Municipal/Agosto_2026/Mensal/Saldos_Mensal.html,Agosto_2026,monthly,2026-09-04T08:01:00
2026-08-31,1,23458.17,19763241.64,Dados de Utilização do Transporte Municipal/Agosto_2026/Mensal/Saldos_Mensal.html,Agosto_2026,monthly,2026-09-04T08:01:00
2026-09-01,1,11970.0,19751271.64,Dados de Utilização do Transporte Municipal/Setembro_2026/Quinzenal/Saldos_Quinzenal.html,Setembro_2026,fortnightly,2026-09-15T08:01:00
2026-09-02,1,11990.0,19739281.64,Dados de Utilização do Transporte Municipal/Setembro_2026/Quinzenal/Saldos_Quinzenal.html,Setembro_2026,fortnightly,2026-09-15T08:01:00
2026-09-03,1,8795.0,19730486.64,Dados de Utilização do Transporte Municipal/Setembro_2026/Quinzenal/Saldos_Quinzenal.html,Setembro_2026,fortnightly,2026-09-15T08:01:00
2026-09-04,1,14825.0,19715661.64,Dados de Utilização do Transporte Municipal/Setembro_2026/Quinzenal/Saldos_Quinzenal.html,Setembro_2026,fortnightly,2026-09-15T08:01:00
2026-09-05,1,0.0,19715661.64,Dados de Utilização do Transporte Municipal/Setembro_2026/Quinzenal/Saldos_Quinzenal.html,Setembro_2026,fortnightly,2026-09-15T08:01:00
2026-09-06,1,0.0,19715661.64,Dados de Utilização do Transporte Municipal/Setembro_2026/Quinzenal/Saldos_Quinzenal.html,Setembro_2026,fortnightly,2026-09-15T08:01:00
2026-09-07,1,0.0,19715661.64,Dados de Utilização do Transporte Municipal/Setembro_2026/Quinzenal/Saldos_Quinzenal.html,Setembro_2026,fortnightly,2026-09-15T08:01:00
2026-09-08,1,9985.0,19705676.64,Dados de Utilização do Transporte Municipal/Setembro_2026/Quinzenal/Saldos_Quinzenal.html,Setembro_2026,fortnightly,2026-09-15T08:01:00
2026-09-09,1,16750.01,19688926.63,Dados de Utilização do Transporte Municipal/Setembro_2026/Quinzenal/Saldos_Quinzenal.html,Setembro_2026,fortnightly,2026-09-15T08:01:00
2026-09-10,1,7745.0,19681181.63,Dados de Utilização do Transporte Municipal/Setembro_2026/Quinzenal/Saldos_Quinzenal.html,Setembro_2026,fortnightly,2026-09-15T08:01:00
2026-09-11,1,5540.0,19675641.63,Dados de Utilização do Transporte Municipal/Setembro_2026/Quinzenal/Saldos_Quinzenal.html,Setembro_2026,fortnightly,2026-09-15T08:01:00
2026-09-12,1,0.0,19675641.63,Dados de Utilização do Transporte Municipal/Setembro_2026/Quinzenal/Saldos_Quinzenal.html,Setembro_2026,fortnightly,2026-09-15T08:01:00
2026-09-13,1,0.0,19675641.63,Dados de Utilização do Transporte Municipal/Setembro_2026/Quinzenal/Saldos_Quinzenal.html,Setembro_2026,fortnightly,2026-09-15T08:01:00
2026-09-14,1,5348.33,19670293.3,Dados de Utilização do Transporte Municipal/Setembro_2026/Quinzenal/Saldos_Quinzenal.html,Setembro_2026,fortnightly,2026-09-15T08:01:00
