service_date,morning_scheduled,morning_completed,afternoon_scheduled,afternoon_completed,evening_scheduled,evening_completed,scheduled_trips,completed_trips,source_file,source_period,source_granularity,source_generated_at
2026-07-01,532,532,486,484,376,376,1394,1392,Dados de Utilização do Transporte Municipal/Julho_2026/Mensal/Mensal_FCV_202607.html,Julho_2026,monthly,2026-08-04T14:37:00
2026-07-02,532,532,486,486,376,376,1394,1394,Dados de Utilização do Transporte Municipal/Julho_2026/Mensal/Mensal_FCV_202607.html,Julho_2026,monthly,2026-08-04T14:37:00
2026-07-03,532,532,486,486,376,376,1394,1394,Dados de Utilização do Transporte Municipal/Julho_2026/Mensal/Mensal_FCV_202607.html,Julho_2026,monthly,2026-08-04T14:37:00
2026-07-04,449,449,365,362,285,285,1099,1096,Dados de Utilização do Transporte Municipal/Julho_2026/Mensal/Mensal_FCV_202607.html,Julho_2026,monthly,2026-08-04T14:37:00
2026-07-05,329,329,298,298,215,215,842,842,Dados de Utilização do Transporte Municipal/Julho_2026/Mensal/Mensal_FCV_202607.html,Julho_2026,monthly,2026-08-04T14:37:00
2026-07-06,532,532,486,485,376,374,1394,1391,Dados de Utilização do Transporte Municipal/Julho_2026/Mensal/Mensal_FCV_202607.html,Julho_2026,monthly,2026-08-04T14:37:00
2026-07-07,532,532,486,486,376,376,1394,1394,Dados de Utilização do Transporte Municipal/Julho_2026/Mensal/Mensal_FCV_202607.html,Julho_2026,monthly,2026-08-04T14:37:00
2026-07-08,532,531,486,486,376,375,1394,1392,Dados de Utilização do Transporte Municipal/Julho_2026/Mensal/Mensal_FCV_202607.html,Julho_2026,monthly,2026-08-04T14:37:00
2026-07-09,329,329,298,298,215,215,842,842,Dados de Utilização do Transporte Municipal/Julho_2026/Mensal/Mensal_FCV_202607.html,Julho_2026,monthly,2026-08-04T14:37:00
2026-07-10,449,449,365,361,285,285,1099,1095,Dados de Utilização do Transporte Municipal/Julho_2026/Mensal/Mensal_FCV_202607.html,Julho_2026,monthly,2026-08-04T14:37:00
2026-07-11,449,449,365,365,285,283,1099,1097,Dados de Utilização do Transporte Municipal/Julho_2026/Mensal/Mensal_FCV_202607.html,Julho_2026,monthly,2026-08-04T14:37:00
2026-07-12,329,329,298,298,215,213,842,840,Dados de Utilização do Transporte Municipal/Julho_2026/Mensal/Mensal_FCV_202607.html,Julho_2026,monthly,2026-08-04T14:37:00
2026-07-13,532,532,486,486,376,376,1394,1394,Dados de Utilização do Transporte Municipal/Julho_2026/Mensal/Mensal_FCV_202607.html,Julho_2026,monthly,2026-08-04T14:37:00
2026-07-14,532,532,486,484,376,376,1394,1392,Dados de Utilização do Transporte Municipal/Julho_2026/Mensal/Mensal_FCV_202607.html,Julho_2026,monthly,2026-08-04T14:37:00
2026-07-15,494,491,438,438,348,348,1280,1277,Dados de Utilização do Transporte Municipal/Julho_2026/Mensal/Mensal_FCV_202607.html,Julho_2026,monthly,2026-08-04T14:37:00
2026-07-16,494,490,438,437,348,348,1280,1275,Dados de Utilização do Transporte Municipal/Julho_2026/Mensal/Mensal_FCV_202607.html,Julho_2026,monthly,2026-08-04T14:37:00
2026-07-17,494,494,438,437,348,348,1280,1279,Dados de Utilização do Transporte Municipal/Julho_2026/Mensal/Mensal_FCV_202607.html,Julho_2026,monthly,2026-08-04T14:37:00
2026-07-18,372,372,303,303,249,249,924,924,Dados de Utilização do Transporte Municipal/Julho_2026/Mensal/Mensal_FCV_202607.html,Julho_2026,monthly,2026-08-04T14:37:00
2026-07-19,274,274,244,243,192,191,710,708,Dados de Utilização do Transporte Municipal/Julho_2026/Mensal/Mensal_FCV_202607.html,Julho_2026,monthly,2026-08-04T14:37:00
2026-07-20,494,494,438,438,348,348,1280,1280,Dados de Utilização do Transporte Municipal/Julho_2026/Mensal/Mensal_FCV_202607.html,Julho_2026,monthly,2026-08-04T14:37:00
2026-07-21,494,494,438,437,348,348,1280,1279,Dados de Utilização do Transporte Municipal/Julho_2026/Mensal/Mensal_FCV_202607.html,Julho_2026,monthly,2026-08-04T14:37:00
2026-07-22,494,490,438,436,348,348,1280,1274,Dados de Utilização do Transporte Municipal/Julho_2026/Mensal/Mensal_FCV_202607.html,Julho_2026,monthly,2026-08-04T14:37:00
2026-07-23,494,494,438,438,348,348,1280,1280,Dados de Utilização do Transporte Municipal/Julho_2026/Mensal/Mensal_FCV_202607.html,Julho_2026,monthly,2026-08-04T14:37:00
2026-07-24,494,494,438,438,348,348,1280,1280,Dados de Utilização do Transporte Municipal/Julho_2026/Mensal/Mensal_FCV_202607.html,Julho_2026,monthly,2026-08-04T14:37:00
2026-07-25,372,372,303,303,249,249,924,924,Dados de Utilização do Transporte Municipal/Julho_2026/Mensal/Mensal_FCV_202607.html,Julho_2026,monthly,2026-08-04T14:37:00
2026-07-26,274,272,244,241,192,192,710,705,Dados de Utilização do Transporte Municipal/Julho_2026/Mensal/Mensal_FCV_202607.html,Julho_2026,monthly,2026-08-04T14:37:00
2026-07-27,439,434,385,383,316,316,1140,1133,Dados de Utilização do Transporte Municipal/Julho_2026/Mensal/Mensal_FCV_202607.html,Julho_2026,monthly,2026-08-04T14:37:00
2026-07-28,372,372,303,303,249,248,924,923,Dados de Utilização do Transporte Municipal/Julho_2026/Mensal/Mensal_FCV_202607.html,Julho_2026,monthly,2026-08-04T14:37:00
2026-07-29,494,494,438,437,348,348,1280,1279,Dados de Utilização do Transporte Municipal/Julho_2026/Mensal/Mensal_FCV_202607.html,Julho_2026,monthly,2026-08-04T14:37:00
2026-07-30,494,494,438,436,348,348,1280,1278,Dados de Utilização do Transporte Municipal/Julho_2026/Mensal/Mensal_FCV_202607.html,Julho_2026,monthly,2026-08-04T14:37:00
2026-07-31,494,494,438,436,348,347,1280,1277,Dados de Utilização do Transporte Municipal/Julho_2026/Mensal/Mensal_FCV_202607.html,Julho_2026,monthly,2026-08-04T14:37:00
2026-08-01,372,372,303,303,249,249,924,924,Dados de Utilização do Transporte Municipal/Agosto_2026/Mensal/Mensal_FCV_202608.html,Agosto_2026,monthly,2026-09-04T08:00:00
2026-08-02,274,274,244,238,192,191,710,703,Dados de Utilização do Transporte Municipal/Agosto_2026/Mensal/Mensal_FCV_202608.html,Agosto_2026,monthly,2026-09-04T08:00:00
2026-08-03,494,492,438,432,348,347,1280,1271,Dados de Utilização do Transporte Municipal/Agosto_2026/Mensal/Mensal_FCV_202608.html,Agosto_2026,monthly,2026-09-04T08:00:00
2026-08-04,494,489,438,436,348,348,1280,1273,Dados de Utilização do Transporte Municipal/Agosto_2026/Mensal/Mensal_FCV_202608.html,Agosto_2026,monthly,2026-09-04T08:00:00
2026-08-05,494,494,438,438,348,348,1280,1280,Dados de Utilização do Transporte Municipal/Agosto_2026/Mensal/Mensal_FCV_202608.html,Agosto_2026,monthly,2026-09-04T08:00:00
2026-08-06,494,489,438,438,348,348,1280,1275,Dados de Utilização do Transporte Municipal/Agosto_2026/Mensal/Mensal_FCV_202608.html,Agosto_2026,monthly,2026-09-04T08:00:00
2026-08-07,494,492,438,436,348,348,1280,1276,Dados de Utilização do Transporte Municipal/Agosto_2026/Mensal/Mensal_FCV_202608.html,Agosto_2026,monthly,2026-09-04T08:00:00
2026-08-08,372,372,303,303,249,247,924,922,Dados de Utilização do Transporte Municipal/Agosto_2026/Mensal/Mensal_FCV_202608.html,Agosto_2026,monthly,2026-09-04T08:00:00
2026-08-09,274,274,244,244,192,192,710,710,Dados de Utilização do Transporte Municipal/Agosto_2026/Mensal/Mensal_FCV_202608.html,Agosto_2026,monthly,2026-09-04T08:00:00
2026-08-10,494,494,438,438,348,348,1280,1280,Dados de Utilização do Transporte Municipal/Agosto_2026/Mensal/Mensal_FCV_202608.html,Agosto_2026,monthly,2026-09-04T08:00:00
2026-08-11,494,494,438,435,348,348,1280,1277,Dados de Utilização do Transporte Municipal/Agosto_2026/Mensal/Mensal_FCV_202608.html,Agosto_2026,monthly,2026-09-04T08:00:00
2026-08-12,494,494,438,438,348,348,1280,1280,Dados de Utilização do Transporte Municipal/Agosto_2026/Mensal/Mensal_FCV_202608.html,Agosto_2026,monthly,2026-09-04T08:00:00
2026-08-13,494,494,438,438,348,348,1280,1280,Dados de Utilização do Transporte Municipal/Agosto_2026/Mensal/Mensal_FCV_202608.html,Agosto_2026,monthly,2026-09-04T08:00:00
2026-08-14,494,492,438,438,348,348,1280,1278,Dados de Utilização do Transporte Municipal/Agosto_2026/Mensal/Mensal_FCV_202608.html,Agosto_2026,monthly,2026-09-04T08:00:00
2026-08-15,372,372,303,303,249,249,924,924,Dados de Utilização do Transporte Municipal/Agosto_2026/Mensal/Mensal_FCV_202608.html,Agosto_2026,monthly,2026-09-04T08:00:00
2026-08-16,274,274,244,244,192,192,710,710,Dados de Utilização do Transporte Municipal/Agosto_2026/Mensal/Mensal_FCV_202608.html,Agosto_2026,monthly,2026-09-04T08:00:00
2026-08-17,494,492,438,438,348,348,1280,1278,Dados de Utilização do Transporte Municipal/Agosto_2026/Mensal/Mensal_FCV_202608.html,Agosto_2026,monthly,2026-09-04T08:00:00
2026-08-18,494,492,438,438,348,348,1280,1278,Dados de Utilização do Transporte Municipal/Agosto_2026/Mensal/Mensal_FCV_202608.html,Agosto_2026,monthly,2026-09-04T08:00:00
2026-08-19,494,493,438,438,348,348,1280,1279,Dados de Utilização do Transporte Municipal/Agosto_2026/Mensal/Mensal_FCV_202608.html,Agosto_2026,monthly,2026-09-04T08:00:00
2026-08-20,494,493,438,438,348,348,1280,1279,Dados de Utilização do Transporte Municipal/Agosto_2026/Mensal/Mensal_FCV_202608.html,Agosto_2026,monthly,2026-09-04T08:00:00
2026-08-21,494,494,438,437,348,348,1280,1279,Dados de Utilização do Transporte Municipal/Agosto_2026/Mensal/Mensal_FCV_202608.html,Agosto_2026,monthly,2026-09-04T08:00:00
2026-08-22,372,372,303,303,249,249,924,924,Dados de Utilização do Transporte Municipal/Agosto_2026/Mensal/Mensal_FCV_202608.html,Agosto_2026,monthly,2026-09-04T08:00:00
2026-08-23,274,274,244,244,192,192,710,710,Dados de Utilização do Transporte Municipal/Agosto_2026/Mensal/Mensal_FCV_202608.html,Agosto_2026,monthly,2026-09-04T08:00:00
2026-08-24,494,493,438,438,348,348,1280,1279,Dados de Utilização do Transporte Municipal/Agosto_2026/Mensal/Mensal_FCV_202608.html,Agosto_2026,monthly,2026-09-04T08:00:00
2026-08-25,494,494,438,436,348,348,1280,1278,Dados de Utilização do Transporte Municipal/Agosto_2026/Mensal/Mensal_FCV_202608.html,Agosto_2026,monthly,2026-09-04T08:00:00
2026-08-26,494,494,438,438,348,348,1280,1280,Dados de Utilização do Transporte Municipal/Agosto_2026/Mensal/Mensal_FCV_202608.html,Agosto_2026,monthly,2026-09-04T08:00:00
2026-08-27,494,494,438,438,348,348,1280,1280,Dados de Utilização do Transporte Municipal/Agosto_2026/Mensal/Mensal_FCV_202608.html,Agosto_2026,monthly,2026-09-04T08:00:00
2026-08-28,494,494,438,437,348,348,1280,1279,Dados de Utilização do Transporte Municipal/Agosto_2026/Mensal/Mensal_FCV_202608.html,Agosto_2026,monthly,2026-09-04T08:00:00
2026-08-29,372,372,303,300,249,248,924,920,Dados de Utilização do Transporte Municipal/Agosto_2026/Mensal/Mensal_FCV_202608.html,Agosto_2026,monthly,2026-09-04T08:00:00
2026-08-30,274,273,244,243,192,192,710,708,Dados de Utilização do Transporte Municipal/Agosto_2026/Mensal/Mensal_FCV_202608.html,Agosto_2026,monthly,2026-09-04T08:00:00
2026-08-31,494,494,438,438,348,348,1280,1280,Dados de Utilização do Transporte Municipal/Agosto_2026/Mensal/Mensal_FCV_202608.html,Agosto_2026,monthly,2026-09-04T08:00:00
2026-09-01,494,494,438,438,348,348,1280,1280,Dados de Utilização do Transporte Municipal/Setembro_2026/Quinzenal/Quinzenal_FCV_202609.html,Setembro_2026,fortnightly,2026-09-15T08:00:00
2026-09-02,494,494,438,437,348,346,1280,1277,Dados de Utilização do Transporte Municipal/Setembro_2026/Quinzenal/Quinzenal_FCV_202609.html,Setembro_2026,fortnightly,2026-09-15T08:00:00
2026-09-03,494,494,438,438,348,347,1280,1279,Dados de Utilização do Transporte Municipal/Setembro_2026/Quinzenal/Quinzenal_FCV_202609.html,Setembro_2026,fortnightly,2026-09-15T08:00:00
2026-09-04,494,494,438,438,348,348,1280,1280,Dados de Utilização do Transporte Municipal/Setembro_2026/Quinzenal/Quinzenal_FCV_202609.html,Setembro_2026,fortnightly,2026-09-15T08:00:00
2026-09-05,372,372,303,303,249,249,924,924,Dados de Utilização do Transporte Municipal/Setembro_2026/Quinzenal/Quinzenal_FCV_202609.html,Setembro_2026,fortnightly,2026-09-15T08:00:00
2026-09-06,274,274,244,244,192,192,710,710,Dados de Utilização do Transporte Municipal/Setembro_2026/Quinzenal/Quinzenal_FCV_202609.html,Setembro_2026,fortnightly,2026-09-15T08:00:00
2026-09-07,274,274,244,244,192,192,710,710,Dados de Utilização do Transporte Municipal/Setembro_2026/Quinzenal/Quinzenal_FCV_202609.html,Setembro_2026,fortnightly,2026-09-15T08:00:00
2026-09-08,494,494,438,438,348,348,1280,1280,Dados de Utilização do Transporte Municipal/Setembro_2026/Quinzenal/Quinzenal_FCV_202609.html,Setembro_2026,fortnightly,2026-09-15T08:00:00
2026-09-09,494,494,438,438,348,348,1280,1280,Dados de Utilização do Transporte Municipal/Setembro_2026/Quinzenal/Quinzenal_FCV_202609.html,Setembro_2026,fortnightly,2026-09-15T08:00:00
2026-09-10,494,493,438,438,348,346,1280,1277,Dados de Utilização do Transporte Municipal/Setembro_2026/Quinzenal/Quinzenal_FCV_202609.html,Setembro_2026,fortnightly,2026-09-15T08:00:00
2026-09-11,494,494,438,436,348,348,1280,1278,Dados de Utilização do Transporte Municipal/Setembro_2026/Quinzenal/Quinzenal_FCV_202609.html,Setembro_2026,fortnightly,2026-09-15T08:00:00
2026-09-12,372,372,303,303,249,249,924,924,Dados de Utilização do Transporte Municipal/Setembro_2026/Quinzenal/Quinzenal_FCV_202609.html,Setembro_2026,fortnightly,2026-09-15T08:00:00
2026-09-13,274,274,244,244,192,192,710,710,Dados de Utilização do Transporte Municipal/Setembro_2026/Quinzenal/Quinzenal_FCV_202609.html,Setembro_2026,fortnightly,2026-09-15T08:00:00
2026-09-14,494,494,438,438,348,348,1280,1280,Dados de Utilização do Transporte Municipal/Setembro_2026/Quinzenal/Quinzenal_FCV_202609.html,Setembro_2026,fortnightly,2026-09-15T08:00:00
