dataset,month,metric,value,unit,observed_days,start,end,calendar_days,all_calendar_days_present,missing_dates
card_balances_daily,2026-07,credits_transferred,523855.62999999995,R$,14,2026-07-15,2026-07-31,31,False,2026-07-01|2026-07-02|2026-07-03|2026-07-04|2026-07-05|2026-07-06|2026-07-07|2026-07-08|2026-07-09|2026-07-10|2026-07-11|2026-07-12|2026-07-13|2026-07-14|2026-07-18|2026-07-25|2026-07-26
card_balances_daily,2026-07,closing_balance,20439472.35,R$,14,2026-07-15,2026-07-31,31,False,2026-07-01|2026-07-02|2026-07-03|2026-07-04|2026-07-05|2026-07-06|2026-07-07|2026-07-08|2026-07-09|2026-07-10|2026-07-11|2026-07-12|2026-07-13|2026-07-14|2026-07-18|2026-07-25|2026-07-26
card_balances_daily,2026-08,credits_transferred,676230.7100000001,R$,24,2026-08-02,2026-08-31,31,False,2026-08-01|2026-08-08|2026-08-09|2026-08-16|2026-08-23|2026-08-29|2026-08-30
card_balances_daily,2026-08,closing_balance,19763241.64,R$,24,2026-08-02,2026-08-31,31,False,2026-08-01|2026-08-08|2026-08-09|2026-08-16|2026-08-23|2026-08-29|2026-08-30
card_balances_daily,2026-09,credits_transferred,92948.34,R$,14,2026-09-01,2026-09-14,30,False,2026-09-15|2026-09-16|2026-09-17|2026-09-18|2026-09-19|2026-09-20|2026-09-21|2026-09-22|2026-09-23|2026-09-24|2026-09-25|2026-09-26|2026-09-27|2026-09-28|2026-09-29|2026-09-30
card_balances_daily,2026-09,closing_balance,19670293.3,R$,14,2026-09-01,2026-09-14,30,False,2026-09-15|2026-09-16|2026-09-17|2026-09-18|2026-09-19|2026-09-20|2026-09-21|2026-09-22|2026-09-23|2026-09-24|2026-09-25|2026-09-26|2026-09-27|2026-09-28|2026-09-29|2026-09-30
card_movements_daily,2026-07,total_sales,553425.63,R$,26,2026-07-01,2026-07-31,31,False,2026-07-03|2026-07-04|2026-07-05|2026-07-11|2026-07-12
card_movements_daily,2026-07,total_usage,55155.0,R$,26,2026-07-01,2026-07-31,31,False,2026-07-03|2026-07-04|2026-07-05|2026-07-11|2026-07-12
card_movements_daily,2026-07,circulating_credit,498270.62999999995,R$,26,2026-07-01,2026-07-31,31,False,2026-07-03|2026-07-04|2026-07-05|2026-07-11|2026-07-12
card_movements_daily,2026-08,total_sales,668605.7100000001,R$,31,2026-08-01,2026-08-31,31,True,
card_movements_daily,2026-08,total_usage,299740.0,R$,31,2026-08-01,2026-08-31,31,True,
card_movements_daily,2026-08,circulating_credit,368865.71,R$,31,2026-08-01,2026-08-31,31,True,
card_movements_daily,2026-09,total_sales,90558.34,R$,14,2026-09-01,2026-09-14,30,False,2026-09-15|2026-09-16|2026-09-17|2026-09-18|2026-09-19|2026-09-20|2026-09-21|2026-09-22|2026-09-23|2026-09-24|2026-09-25|2026-09-26|2026-09-27|2026-09-28|2026-09-29|2026-09-30
card_movements_daily,2026-09,total_usage,163605.0,R$,14,2026-09-01,2026-09-14,30,False,2026-09-15|2026-09-16|2026-09-17|2026-09-18|2026-09-19|2026-09-20|2026-09-21|2026-09-22|2026-09-23|2026-09-24|2026-09-25|2026-09-26|2026-09-27|2026-09-28|2026-09-29|2026-09-30
card_movements_daily,2026-09,circulating_credit,-73046.66,R$,14,2026-09-01,2026-09-14,30,False,2026-09-15|2026-09-16|2026-09-17|2026-09-18|2026-09-19|2026-09-20|2026-09-21|2026-09-22|2026-09-23|2026-09-24|2026-09-25|2026-09-26|2026-09-27|2026-09-28|2026-09-29|2026-09-30
departures_by_line_hour,2026-07,trips,36330,viagens,31,2026-07-01,2026-07-31,31,True,
departures_by_line_hour,2026-07,max_vehicles,9,veiculos,31,2026-07-01,2026-07-31,31,True,
departures_by_line_hour,2026-08,trips,34994,viagens,31,2026-08-01,2026-08-31,31,True,
departures_by_line_hour,2026-08,max_vehicles,9,veiculos,31,2026-08-01,2026-08-31,31,True,
departures_by_line_hour,2026-09,trips,15489,viagens,14,2026-09-01,2026-09-14,30,False,2026-09-15|2026-09-16|2026-09-17|2026-09-18|2026-09-19|2026-09-20|2026-09-21|2026-09-22|2026-09-23|2026-09-24|2026-09-25|2026-09-26|2026-09-27|2026-09-28|2026-09-29|2026-09-30
departures_by_line_hour,2026-09,max_vehicles,9,veiculos,14,2026-09-01,2026-09-14,30,False,2026-09-15|2026-09-16|2026-09-17|2026-09-18|2026-09-19|2026-09-20|2026-09-21|2026-09-22|2026-09-23|2026-09-24|2026-09-25|2026-09-26|2026-09-27|2026-09-28|2026-09-29|2026-09-30
fulfillment_daily,2026-07,morning_scheduled,14127,viagens,31,2026-07-01,2026-07-31,31,True,
fulfillment_daily,2026-07,morning_completed,14108,viagens,31,2026-07-01,2026-07-31,31,True,
fulfillment_daily,2026-07,afternoon_scheduled,12477,viagens,31,2026-07-01,2026-07-31,31,True,
fulfillment_daily,2026-07,afternoon_completed,12449,viagens,31,2026-07-01,2026-07-31,31,True,
fulfillment_daily,2026-07,evening_scheduled,9783,viagens,31,2026-07-01,2026-07-31,31,True,
fulfillment_daily,2026-07,evening_completed,9773,viagens,31,2026-07-01,2026-07-31,31,True,
fulfillment_daily,2026-07,scheduled_trips,36387,viagens,31,2026-07-01,2026-07-31,31,True,
fulfillment_daily,2026-07,completed_trips,36330,viagens,31,2026-07-01,2026-07-31,31,True,
fulfillment_daily,2026-08,morning_scheduled,13604,viagens,31,2026-08-01,2026-08-31,31,True,
fulfillment_daily,2026-08,morning_completed,13580,viagens,31,2026-08-01,2026-08-31,31,True,
fulfillment_daily,2026-08,afternoon_scheduled,11933,viagens,31,2026-08-01,2026-08-31,31,True,
fulfillment_daily,2026-08,afternoon_completed,11906,viagens,31,2026-08-01,2026-08-31,31,True,
fulfillment_daily,2026-08,evening_scheduled,9513,viagens,31,2026-08-01,2026-08-31,31,True,
fulfillment_daily,2026-08,evening_completed,9508,viagens,31,2026-08-01,2026-08-31,31,True,
fulfillment_daily,2026-08,scheduled_trips,35050,viagens,31,2026-08-01,2026-08-31,31,True,
fulfillment_daily,2026-08,completed_trips,34994,viagens,31,2026-08-01,2026-08-31,31,True,
fulfillment_daily,2026-09,morning_scheduled,6012,viagens,14,2026-09-01,2026-09-14,30,False,2026-09-15|2026-09-16|2026-09-17|2026-09-18|2026-09-19|2026-09-20|2026-09-21|2026-09-22|2026-09-23|2026-09-24|2026-09-25|2026-09-26|2026-09-27|2026-09-28|2026-09-29|2026-09-30
fulfillment_daily,2026-09,morning_completed,6011,viagens,14,2026-09-01,2026-09-14,30,False,2026-09-15|2026-09-16|2026-09-17|2026-09-18|2026-09-19|2026-09-20|2026-09-21|2026-09-22|2026-09-23|2026-09-24|2026-09-25|2026-09-26|2026-09-27|2026-09-28|2026-09-29|2026-09-30
fulfillment_daily,2026-09,afternoon_scheduled,5280,viagens,14,2026-09-01,2026-09-14,30,False,2026-09-15|2026-09-16|2026-09-17|2026-09-18|2026-09-19|2026-09-20|2026-09-21|2026-09-22|2026-09-23|2026-09-24|2026-09-25|2026-09-26|2026-09-27|2026-09-28|2026-09-29|2026-09-30
fulfillment_daily,2026-09,afternoon_completed,5277,viagens,14,2026-09-01,2026-09-14,30,False,2026-09-15|2026-09-16|2026-09-17|2026-09-18|2026-09-19|2026-09-20|2026-09-21|2026-09-22|2026-09-23|2026-09-24|2026-09-25|2026-09-26|2026-09-27|2026-09-28|2026-09-29|2026-09-30
fulfillment_daily,2026-09,evening_scheduled,4206,viagens,14,2026-09-01,2026-09-14,30,False,2026-09-15|2026-09-16|2026-09-17|2026-09-18|2026-09-19|2026-09-20|2026-09-21|2026-09-22|2026-09-23|2026-09-24|2026-09-25|2026-09-26|2026-09-27|2026-09-28|2026-09-29|2026-09-30
fulfillment_daily,2026-09,evening_completed,4201,viagens,14,2026-09-01,2026-09-14,30,False,2026-09-15|2026-09-16|2026-09-17|2026-09-18|2026-09-19|2026-09-20|2026-09-21|2026-09-22|2026-09-23|2026-09-24|2026-09-25|2026-09-26|2026-09-27|2026-09-28|2026-09-29|2026-09-30
fulfillment_daily,2026-09,scheduled_trips,15498,viagens,14,2026-09-01,2026-09-14,30,False,2026-09-15|2026-09-16|2026-09-17|2026-09-18|2026-09-19|2026-09-20|2026-09-21|2026-09-22|2026-09-23|2026-09-24|2026-09-25|2026-09-26|2026-09-27|2026-09-28|2026-09-29|2026-09-30
fulfillment_daily,2026-09,completed_trips,15489,viagens,14,2026-09-01,2026-09-14,30,False,2026-09-15|2026-09-16|2026-09-17|2026-09-18|2026-09-19|2026-09-20|2026-09-21|2026-09-22|2026-09-23|2026-09-24|2026-09-25|2026-09-26|2026-09-27|2026-09-28|2026-09-29|2026-09-30
hour_daily,2026-07,trips,36330,viagens,31,2026-07-01,2026-07-31,31,True,
hour_daily,2026-07,max_vehicles,49,veículos,31,2026-07-01,2026-07-31,31,True,
hour_daily,2026-08,trips,34994,viagens,31,2026-08-01,2026-08-31,31,True,
hour_daily,2026-08,max_vehicles,48,veículos,31,2026-08-01,2026-08-31,31,True,
hour_daily,2026-09,trips,15489,viagens,14,2026-09-01,2026-09-14,30,False,2026-09-15|2026-09-16|2026-09-17|2026-09-18|2026-09-19|2026-09-20|2026-09-21|2026-09-22|2026-09-23|2026-09-24|2026-09-25|2026-09-26|2026-09-27|2026-09-28|2026-09-29|2026-09-30
hour_daily,2026-09,max_vehicles,48,veículos,14,2026-09-01,2026-09-14,30,False,2026-09-15|2026-09-16|2026-09-17|2026-09-18|2026-09-19|2026-09-20|2026-09-21|2026-09-22|2026-09-23|2026-09-24|2026-09-25|2026-09-26|2026-09-27|2026-09-28|2026-09-29|2026-09-30
line_daily,2026-07,trips,36330,viagens,31,2026-07-01,2026-07-31,31,True,
line_daily,2026-07,total_km,248321.3,km,31,2026-07-01,2026-07-31,31,True,
line_daily,2026-08,trips,34994,viagens,31,2026-08-01,2026-08-31,31,True,
line_daily,2026-08,total_km,261886.80000000013,km,31,2026-08-01,2026-08-31,31,True,
line_daily,2026-09,trips,15489,viagens,14,2026-09-01,2026-09-14,30,False,2026-09-15|2026-09-16|2026-09-17|2026-09-18|2026-09-19|2026-09-20|2026-09-21|2026-09-22|2026-09-23|2026-09-24|2026-09-25|2026-09-26|2026-09-27|2026-09-28|2026-09-29|2026-09-30
line_daily,2026-09,total_km,115795.59999999999,km,14,2026-09-01,2026-09-14,30,False,2026-09-15|2026-09-16|2026-09-17|2026-09-18|2026-09-19|2026-09-20|2026-09-21|2026-09-22|2026-09-23|2026-09-24|2026-09-25|2026-09-26|2026-09-27|2026-09-28|2026-09-29|2026-09-30
operation_daily,2026-07,scheduled_trips,36387,viagens,31,2026-07-01,2026-07-31,31,True,
operation_daily,2026-07,completed_trips,36330,viagens,31,2026-07-01,2026-07-31,31,True,
operation_daily,2026-07,trip_difference,57,viagens,31,2026-07-01,2026-07-31,31,True,
operation_daily,2026-07,productive_km,248321.29999999996,km,31,2026-07-01,2026-07-31,31,True,
operation_daily,2026-07,deadhead_km,14425.5,km,31,2026-07-01,2026-07-31,31,True,
operation_daily,2026-07,total_km,262746.8,km,31,2026-07-01,2026-07-31,31,True,
operation_daily,2026-07,average_vehicles,43.96774193548387,veículos/dia,31,2026-07-01,2026-07-31,31,True,
operation_daily,2026-07,max_vehicles,52,veículos,31,2026-07-01,2026-07-31,31,True,
operation_daily,2026-08,scheduled_trips,35050,viagens,31,2026-08-01,2026-08-31,31,True,
operation_daily,2026-08,completed_trips,34994,viagens,31,2026-08-01,2026-08-31,31,True,
operation_daily,2026-08,trip_difference,56,viagens,31,2026-08-01,2026-08-31,31,True,
operation_daily,2026-08,productive_km,261886.80000000002,km,31,2026-08-01,2026-08-31,31,True,
operation_daily,2026-08,deadhead_km,13807.7,km,31,2026-08-01,2026-08-31,31,True,
operation_daily,2026-08,total_km,275694.5000000001,km,31,2026-08-01,2026-08-31,31,True,
operation_daily,2026-08,average_vehicles,45.29032258064516,veículos/dia,31,2026-08-01,2026-08-31,31,True,
operation_daily,2026-08,max_vehicles,53,veículos,31,2026-08-01,2026-08-31,31,True,
operation_daily,2026-09,scheduled_trips,15498,viagens,14,2026-09-01,2026-09-14,30,False,2026-09-15|2026-09-16|2026-09-17|2026-09-18|2026-09-19|2026-09-20|2026-09-21|2026-09-22|2026-09-23|2026-09-24|2026-09-25|2026-09-26|2026-09-27|2026-09-28|2026-09-29|2026-09-30
operation_daily,2026-09,completed_trips,15489,viagens,14,2026-09-01,2026-09-14,30,False,2026-09-15|2026-09-16|2026-09-17|2026-09-18|2026-09-19|2026-09-20|2026-09-21|2026-09-22|2026-09-23|2026-09-24|2026-09-25|2026-09-26|2026-09-27|2026-09-28|2026-09-29|2026-09-30
operation_daily,2026-09,trip_difference,9,viagens,14,2026-09-01,2026-09-14,30,False,2026-09-15|2026-09-16|2026-09-17|2026-09-18|2026-09-19|2026-09-20|2026-09-21|2026-09-22|2026-09-23|2026-09-24|2026-09-25|2026-09-26|2026-09-27|2026-09-28|2026-09-29|2026-09-30
operation_daily,2026-09,productive_km,115795.6,km,14,2026-09-01,2026-09-14,30,False,2026-09-15|2026-09-16|2026-09-17|2026-09-18|2026-09-19|2026-09-20|2026-09-21|2026-09-22|2026-09-23|2026-09-24|2026-09-25|2026-09-26|2026-09-27|2026-09-28|2026-09-29|2026-09-30
operation_daily,2026-09,deadhead_km,6014.5,km,14,2026-09-01,2026-09-14,30,False,2026-09-15|2026-09-16|2026-09-17|2026-09-18|2026-09-19|2026-09-20|2026-09-21|2026-09-22|2026-09-23|2026-09-24|2026-09-25|2026-09-26|2026-09-27|2026-09-28|2026-09-29|2026-09-30
operation_daily,2026-09,total_km,121810.10000000002,km,14,2026-09-01,2026-09-14,30,False,2026-09-15|2026-09-16|2026-09-17|2026-09-18|2026-09-19|2026-09-20|2026-09-21|2026-09-22|2026-09-23|2026-09-24|2026-09-25|2026-09-26|2026-09-27|2026-09-28|2026-09-29|2026-09-30
operation_daily,2026-09,average_vehicles,44.214285714285715,veículos/dia,14,2026-09-01,2026-09-14,30,False,2026-09-15|2026-09-16|2026-09-17|2026-09-18|2026-09-19|2026-09-20|2026-09-21|2026-09-22|2026-09-23|2026-09-24|2026-09-25|2026-09-26|2026-09-27|2026-09-28|2026-09-29|2026-09-30
operation_daily,2026-09,max_vehicles,54,veículos,14,2026-09-01,2026-09-14,30,False,2026-09-15|2026-09-16|2026-09-17|2026-09-18|2026-09-19|2026-09-20|2026-09-21|2026-09-22|2026-09-23|2026-09-24|2026-09-25|2026-09-26|2026-09-27|2026-09-28|2026-09-29|2026-09-30
passengers_daily,2026-07,total_passengers,489653,passageiros,17,2026-07-15,2026-07-31,31,False,2026-07-01|2026-07-02|2026-07-03|2026-07-04|2026-07-05|2026-07-06|2026-07-07|2026-07-08|2026-07-09|2026-07-10|2026-07-11|2026-07-12|2026-07-13|2026-07-14
passengers_daily,2026-07,paying_passengers,284595,passageiros,17,2026-07-15,2026-07-31,31,False,2026-07-01|2026-07-02|2026-07-03|2026-07-04|2026-07-05|2026-07-06|2026-07-07|2026-07-08|2026-07-09|2026-07-10|2026-07-11|2026-07-12|2026-07-13|2026-07-14
passengers_daily,2026-07,turnstile_passengers,273564,passageiros,17,2026-07-15,2026-07-31,31,False,2026-07-01|2026-07-02|2026-07-03|2026-07-04|2026-07-05|2026-07-06|2026-07-07|2026-07-08|2026-07-09|2026-07-10|2026-07-11|2026-07-12|2026-07-13|2026-07-14
passengers_daily,2026-07,advance_passengers,11031,passageiros,17,2026-07-15,2026-07-31,31,False,2026-07-01|2026-07-02|2026-07-03|2026-07-04|2026-07-05|2026-07-06|2026-07-07|2026-07-08|2026-07-09|2026-07-10|2026-07-11|2026-07-12|2026-07-13|2026-07-14
passengers_daily,2026-07,non_paying_passengers,205058,passageiros,17,2026-07-15,2026-07-31,31,False,2026-07-01|2026-07-02|2026-07-03|2026-07-04|2026-07-05|2026-07-06|2026-07-07|2026-07-08|2026-07-09|2026-07-10|2026-07-11|2026-07-12|2026-07-13|2026-07-14
passengers_daily,2026-08,total_passengers,1050248,passageiros,31,2026-08-01,2026-08-31,31,True,
passengers_daily,2026-08,paying_passengers,288378,passageiros,31,2026-08-01,2026-08-31,31,True,
passengers_daily,2026-08,turnstile_passengers,228430,passageiros,31,2026-08-01,2026-08-31,31,True,
passengers_daily,2026-08,advance_passengers,59948,passageiros,31,2026-08-01,2026-08-31,31,True,
passengers_daily,2026-08,non_paying_passengers,761870,passageiros,31,2026-08-01,2026-08-31,31,True,
passengers_daily,2026-09,total_passengers,451201,passageiros,14,2026-09-01,2026-09-14,30,False,2026-09-15|2026-09-16|2026-09-17|2026-09-18|2026-09-19|2026-09-20|2026-09-21|2026-09-22|2026-09-23|2026-09-24|2026-09-25|2026-09-26|2026-09-27|2026-09-28|2026-09-29|2026-09-30
passengers_daily,2026-09,paying_passengers,115527,passageiros,14,2026-09-01,2026-09-14,30,False,2026-09-15|2026-09-16|2026-09-17|2026-09-18|2026-09-19|2026-09-20|2026-09-21|2026-09-22|2026-09-23|2026-09-24|2026-09-25|2026-09-26|2026-09-27|2026-09-28|2026-09-29|2026-09-30
passengers_daily,2026-09,turnstile_passengers,82806,passageiros,14,2026-09-01,2026-09-14,30,False,2026-09-15|2026-09-16|2026-09-17|2026-09-18|2026-09-19|2026-09-20|2026-09-21|2026-09-22|2026-09-23|2026-09-24|2026-09-25|2026-09-26|2026-09-27|2026-09-28|2026-09-29|2026-09-30
passengers_daily,2026-09,advance_passengers,32721,passageiros,14,2026-09-01,2026-09-14,30,False,2026-09-15|2026-09-16|2026-09-17|2026-09-18|2026-09-19|2026-09-20|2026-09-21|2026-09-22|2026-09-23|2026-09-24|2026-09-25|2026-09-26|2026-09-27|2026-09-28|2026-09-29|2026-09-30
passengers_daily,2026-09,non_paying_passengers,335674,passageiros,14,2026-09-01,2026-09-14,30,False,2026-09-15|2026-09-16|2026-09-17|2026-09-18|2026-09-19|2026-09-20|2026-09-21|2026-09-22|2026-09-23|2026-09-24|2026-09-25|2026-09-26|2026-09-27|2026-09-28|2026-09-29|2026-09-30
trip_exceptions,2026-07,exception_count,57,ocorrências,20,2026-07-01,2026-07-31,31,False,2026-07-02|2026-07-03|2026-07-05|2026-07-07|2026-07-09|2026-07-13|2026-07-18|2026-07-20|2026-07-23|2026-07-24|2026-07-25
trip_exceptions,2026-08,exception_count,56,ocorrências,18,2026-08-02,2026-08-30,31,False,2026-08-01|2026-08-05|2026-08-09|2026-08-10|2026-08-12|2026-08-13|2026-08-15|2026-08-16|2026-08-22|2026-08-23|2026-08-26|2026-08-27|2026-08-31
trip_exceptions,2026-09,exception_count,9,ocorrências,4,2026-09-02,2026-09-11,30,False,2026-09-01|2026-09-04|2026-09-05|2026-09-06|2026-09-07|2026-09-08|2026-09-09|2026-09-12|2026-09-13|2026-09-14|2026-09-15|2026-09-16|2026-09-17|2026-09-18|2026-09-19|2026-09-20|2026-09-21|2026-09-22|2026-09-23|2026-09-24|2026-09-25|2026-09-26|2026-09-27|2026-09-28|2026-09-29|2026-09-30
trips,2026-07,trip_count,38077,viagens,31,2026-07-01,2026-07-31,31,True,
trips,2026-07,productive_km,248321.30000002994,km,31,2026-07-01,2026-07-31,31,True,
trips,2026-07,deadhead_km,14425.500000000011,km,31,2026-07-01,2026-07-31,31,True,
trips,2026-07,total_km,262746.80000003095,km,31,2026-07-01,2026-07-31,31,True,
trips,2026-08,trip_count,36751,viagens,31,2026-08-01,2026-08-31,31,True,
trips,2026-08,productive_km,261886.80000002822,km,31,2026-08-01,2026-08-31,31,True,
trips,2026-08,deadhead_km,13807.700000000015,km,31,2026-08-01,2026-08-31,31,True,
trips,2026-08,total_km,275694.5000000266,km,31,2026-08-01,2026-08-31,31,True,
trips,2026-09,trip_count,16280,viagens,14,2026-09-01,2026-09-14,30,False,2026-09-15|2026-09-16|2026-09-17|2026-09-18|2026-09-19|2026-09-20|2026-09-21|2026-09-22|2026-09-23|2026-09-24|2026-09-25|2026-09-26|2026-09-27|2026-09-28|2026-09-29|2026-09-30
trips,2026-09,productive_km,115795.59999999755,km,14,2026-09-01,2026-09-14,30,False,2026-09-15|2026-09-16|2026-09-17|2026-09-18|2026-09-19|2026-09-20|2026-09-21|2026-09-22|2026-09-23|2026-09-24|2026-09-25|2026-09-26|2026-09-27|2026-09-28|2026-09-29|2026-09-30
trips,2026-09,deadhead_km,6014.500000000002,km,14,2026-09-01,2026-09-14,30,False,2026-09-15|2026-09-16|2026-09-17|2026-09-18|2026-09-19|2026-09-20|2026-09-21|2026-09-22|2026-09-23|2026-09-24|2026-09-25|2026-09-26|2026-09-27|2026-09-28|2026-09-29|2026-09-30
trips,2026-09,total_km,121810.0999999979,km,14,2026-09-01,2026-09-14,30,False,2026-09-15|2026-09-16|2026-09-17|2026-09-18|2026-09-19|2026-09-20|2026-09-21|2026-09-22|2026-09-23|2026-09-24|2026-09-25|2026-09-26|2026-09-27|2026-09-28|2026-09-29|2026-09-30
