service_date,weekday,vehicles,max_vehicles_interval,scheduled_trips,completed_trips,trip_difference,productive_km,deadhead_km,total_km,source_file,source_period,source_granularity,source_generated_at
2026-07-01,Qua,48,45,1394,1392,2,8543.6,528.3,9071.9,Dados de Utilização do Transporte Municipal/Julho_2026/Mensal/Mensal_202607.html,Julho_2026,monthly,2026-08-04T14:37:00
2026-07-02,Qui,50,44,1394,1394,0,8541.5,519.9,9061.4,Dados de Utilização do Transporte Municipal/Julho_2026/Mensal/Mensal_202607.html,Julho_2026,monthly,2026-08-04T14:37:00
2026-07-03,Sex,48,44,1394,1394,0,8533.5,515.1,9048.6,Dados de Utilização do Transporte Municipal/Julho_2026/Mensal/Mensal_202607.html,Julho_2026,monthly,2026-08-04T14:37:00
2026-07-04,Sab,39,35,1099,1096,3,6834.2,413.8,7248.0,Dados de Utilização do Transporte Municipal/Julho_2026/Mensal/Mensal_202607.html,Julho_2026,monthly,2026-08-04T14:37:00
2026-07-05,Dom,27,25,842,842,0,5133.3,320.1,5453.4,Dados de Utilização do Transporte Municipal/Julho_2026/Mensal/Mensal_202607.html,Julho_2026,monthly,2026-08-04T14:37:00
2026-07-06,Seg,48,45,1394,1391,3,8507.6,531.2,9038.8,Dados de Utilização do Transporte Municipal/Julho_2026/Mensal/Mensal_202607.html,Julho_2026,monthly,2026-08-04T14:37:00
2026-07-07,Ter,48,45,1394,1394,0,8538.6,520.3,9058.9,Dados de Utilização do Transporte Municipal/Julho_2026/Mensal/Mensal_202607.html,Julho_2026,monthly,2026-08-04T14:37:00
2026-07-08,Qua,51,44,1394,1392,2,8545.2,546.9,9092.1,Dados de Utilização do Transporte Municipal/Julho_2026/Mensal/Mensal_202607.html,Julho_2026,monthly,2026-08-04T14:37:00
2026-07-09,Qui,27,25,842,842,0,5136.2,327.5,5463.7,Dados de Utilização do Transporte Municipal/Julho_2026/Mensal/Mensal_202607.html,Julho_2026,monthly,2026-08-04T14:37:00
2026-07-10,Sex,40,36,1099,1095,4,6831.2,416.2,7247.4,Dados de Utilização do Transporte Municipal/Julho_2026/Mensal/Mensal_202607.html,Julho_2026,monthly,2026-08-04T14:37:00
2026-07-11,Sab,43,35,1099,1097,2,6843.4,444.8,7288.2,Dados de Utilização do Transporte Municipal/Julho_2026/Mensal/Mensal_202607.html,Julho_2026,monthly,2026-08-04T14:37:00
2026-07-12,Dom,27,25,842,840,2,5128.3,315.3,5443.6,Dados de Utilização do Transporte Municipal/Julho_2026/Mensal/Mensal_202607.html,Julho_2026,monthly,2026-08-04T14:37:00
2026-07-13,Seg,48,44,1394,1394,0,8511.3,475.9,8987.2,Dados de Utilização do Transporte Municipal/Julho_2026/Mensal/Mensal_202607.html,Julho_2026,monthly,2026-08-04T14:37:00
2026-07-14,Ter,50,44,1394,1392,2,8495.5,517.7,9013.2,Dados de Utilização do Transporte Municipal/Julho_2026/Mensal/Mensal_202607.html,Julho_2026,monthly,2026-08-04T14:37:00
2026-07-15,Qua,50,48,1280,1277,3,9326.5,646.0,9972.5,Dados de Utilização do Transporte Municipal/Julho_2026/Mensal/Mensal_202607.html,Julho_2026,monthly,2026-08-04T14:37:00
2026-07-16,Qui,50,47,1280,1275,5,9394.9,618.4,10013.3,Dados de Utilização do Transporte Municipal/Julho_2026/Mensal/Mensal_202607.html,Julho_2026,monthly,2026-08-04T14:37:00
2026-07-17,Sex,50,47,1280,1279,1,9453.8,497.5,9951.3,Dados de Utilização do Transporte Municipal/Julho_2026/Mensal/Mensal_202607.html,Julho_2026,monthly,2026-08-04T14:37:00
2026-07-18,Sab,39,34,924,924,0,6843.1,346.2,7189.3,Dados de Utilização do Transporte Municipal/Julho_2026/Mensal/Mensal_202607.html,Julho_2026,monthly,2026-08-04T14:37:00
2026-07-19,Dom,26,23,710,708,2,5251.6,294.0,5545.6,Dados de Utilização do Transporte Municipal/Julho_2026/Mensal/Mensal_202607.html,Julho_2026,monthly,2026-08-04T14:37:00
2026-07-20,Seg,51,47,1280,1280,0,9460.3,497.6,9957.9,Dados de Utilização do Transporte Municipal/Julho_2026/Mensal/Mensal_202607.html,Julho_2026,monthly,2026-08-04T14:37:00
2026-07-21,Ter,52,47,1280,1279,1,9571.3,526.4,10097.7,Dados de Utilização do Transporte Municipal/Julho_2026/Mensal/Mensal_202607.html,Julho_2026,monthly,2026-08-04T14:37:00
2026-07-22,Qua,49,47,1280,1274,6,9537.4,569.5,10106.9,Dados de Utilização do Transporte Municipal/Julho_2026/Mensal/Mensal_202607.html,Julho_2026,monthly,2026-08-04T14:37:00
2026-07-23,Qui,49,47,1280,1280,0,9584.6,489.7,10074.3,Dados de Utilização do Transporte Municipal/Julho_2026/Mensal/Mensal_202607.html,Julho_2026,monthly,2026-08-04T14:37:00
2026-07-24,Sex,49,49,1280,1280,0,9575.5,497.4,10072.9,Dados de Utilização do Transporte Municipal/Julho_2026/Mensal/Mensal_202607.html,Julho_2026,monthly,2026-08-04T14:37:00
2026-07-25,Sab,38,35,924,924,0,6891.8,338.6,7230.4,Dados de Utilização do Transporte Municipal/Julho_2026/Mensal/Mensal_202607.html,Julho_2026,monthly,2026-08-04T14:37:00
2026-07-26,Dom,28,23,710,705,5,5272.3,317.7,5590.0,Dados de Utilização do Transporte Municipal/Julho_2026/Mensal/Mensal_202607.html,Julho_2026,monthly,2026-08-04T14:37:00
2026-07-27,Seg,47,41,1140,1133,7,8441.9,486.3,8928.2,Dados de Utilização do Transporte Municipal/Julho_2026/Mensal/Mensal_202607.html,Julho_2026,monthly,2026-08-04T14:37:00
2026-07-28,Ter,37,35,924,923,1,6888.9,337.3,7226.2,Dados de Utilização do Transporte Municipal/Julho_2026/Mensal/Mensal_202607.html,Julho_2026,monthly,2026-08-04T14:37:00
2026-07-29,Qua,50,47,1280,1279,1,9570.7,523.7,10094.4,Dados de Utilização do Transporte Municipal/Julho_2026/Mensal/Mensal_202607.html,Julho_2026,monthly,2026-08-04T14:37:00
2026-07-30,Qui,52,48,1280,1278,2,9576.6,549.8,10126.4,Dados de Utilização do Transporte Municipal/Julho_2026/Mensal/Mensal_202607.html,Julho_2026,monthly,2026-08-04T14:37:00
2026-07-31,Sex,52,48,1280,1277,3,9556.7,496.4,10053.1,Dados de Utilização do Transporte Municipal/Julho_2026/Mensal/Mensal_202607.html,Julho_2026,monthly,2026-08-04T14:37:00
2026-08-01,Sab,37,35,924,924,0,6889.4,344.3,7233.7,Dados de Utilização do Transporte Municipal/Agosto_2026/Mensal/Mensal_202608.html,Agosto_2026,monthly,2026-09-04T08:00:00
2026-08-02,Dom,25,23,710,703,7,5253.0,312.4,5565.4,Dados de Utilização do Transporte Municipal/Agosto_2026/Mensal/Mensal_202608.html,Agosto_2026,monthly,2026-09-04T08:00:00
2026-08-03,Seg,53,47,1280,1271,9,9520.5,543.8,10064.3,Dados de Utilização do Transporte Municipal/Agosto_2026/Mensal/Mensal_202608.html,Agosto_2026,monthly,2026-09-04T08:00:00
2026-08-04,Ter,49,47,1280,1273,7,9530.4,513.5,10043.9,Dados de Utilização do Transporte Municipal/Agosto_2026/Mensal/Mensal_202608.html,Agosto_2026,monthly,2026-09-04T08:00:00
2026-08-05,Qua,53,48,1280,1280,0,9601.1,488.2,10089.3,Dados de Utilização do Transporte Municipal/Agosto_2026/Mensal/Mensal_202608.html,Agosto_2026,monthly,2026-09-04T08:00:00
2026-08-06,Qui,53,48,1280,1275,5,9567.6,519.6,10087.2,Dados de Utilização do Transporte Municipal/Agosto_2026/Mensal/Mensal_202608.html,Agosto_2026,monthly,2026-09-04T08:00:00
2026-08-07,Sex,51,47,1280,1276,4,9562.4,507.5,10069.9,Dados de Utilização do Transporte Municipal/Agosto_2026/Mensal/Mensal_202608.html,Agosto_2026,monthly,2026-09-04T08:00:00
2026-08-08,Sab,37,35,924,922,2,6882.4,350.3,7232.7,Dados de Utilização do Transporte Municipal/Agosto_2026/Mensal/Mensal_202608.html,Agosto_2026,monthly,2026-09-04T08:00:00
2026-08-09,Dom,26,23,710,710,0,5309.7,281.3,5591.0,Dados de Utilização do Transporte Municipal/Agosto_2026/Mensal/Mensal_202608.html,Agosto_2026,monthly,2026-09-04T08:00:00
2026-08-10,Seg,51,47,1280,1280,0,9590.9,474.1,10065.0,Dados de Utilização do Transporte Municipal/Agosto_2026/Mensal/Mensal_202608.html,Agosto_2026,monthly,2026-09-04T08:00:00
2026-08-11,Ter,52,47,1280,1277,3,9562.1,498.9,10061.0,Dados de Utilização do Transporte Municipal/Agosto_2026/Mensal/Mensal_202608.html,Agosto_2026,monthly,2026-09-04T08:00:00
2026-08-12,Qua,51,48,1280,1280,0,9581.4,519.5,10100.9,Dados de Utilização do Transporte Municipal/Agosto_2026/Mensal/Mensal_202608.html,Agosto_2026,monthly,2026-09-04T08:00:00
2026-08-13,Qui,51,47,1280,1280,0,9591.2,501.2,10092.4,Dados de Utilização do Transporte Municipal/Agosto_2026/Mensal/Mensal_202608.html,Agosto_2026,monthly,2026-09-04T08:00:00
2026-08-14,Sex,53,47,1280,1278,2,9567.1,505.5,10072.6,Dados de Utilização do Transporte Municipal/Agosto_2026/Mensal/Mensal_202608.html,Agosto_2026,monthly,2026-09-04T08:00:00
2026-08-15,Sab,37,35,924,924,0,6892.4,348.2,7240.6,Dados de Utilização do Transporte Municipal/Agosto_2026/Mensal/Mensal_202608.html,Agosto_2026,monthly,2026-09-04T08:00:00
2026-08-16,Dom,27,23,710,710,0,5296.4,281.8,5578.2,Dados de Utilização do Transporte Municipal/Agosto_2026/Mensal/Mensal_202608.html,Agosto_2026,monthly,2026-09-04T08:00:00
2026-08-17,Seg,51,47,1280,1278,2,9560.7,490.4,10051.1,Dados de Utilização do Transporte Municipal/Agosto_2026/Mensal/Mensal_202608.html,Agosto_2026,monthly,2026-09-04T08:00:00
2026-08-18,Ter,51,47,1280,1278,2,9563.5,503.5,10067.0,Dados de Utilização do Transporte Municipal/Agosto_2026/Mensal/Mensal_202608.html,Agosto_2026,monthly,2026-09-04T08:00:00
2026-08-19,Qua,52,47,1280,1279,1,9574.2,504.3,10078.5,Dados de Utilização do Transporte Municipal/Agosto_2026/Mensal/Mensal_202608.html,Agosto_2026,monthly,2026-09-04T08:00:00
2026-08-20,Qui,53,47,1280,1279,1,9581.1,497.9,10079.0,Dados de Utilização do Transporte Municipal/Agosto_2026/Mensal/Mensal_202608.html,Agosto_2026,monthly,2026-09-04T08:00:00
2026-08-21,Sex,53,47,1280,1279,1,9570.9,537.4,10108.3,Dados de Utilização do Transporte Municipal/Agosto_2026/Mensal/Mensal_202608.html,Agosto_2026,monthly,2026-09-04T08:00:00
2026-08-22,Sab,38,35,924,924,0,6878.9,335.2,7214.1,Dados de Utilização do Transporte Municipal/Agosto_2026/Mensal/Mensal_202608.html,Agosto_2026,monthly,2026-09-04T08:00:00
2026-08-23,Dom,26,23,710,710,0,5344.3,274.4,5618.7,Dados de Utilização do Transporte Municipal/Agosto_2026/Mensal/Mensal_202608.html,Agosto_2026,monthly,2026-09-04T08:00:00
2026-08-24,Seg,52,47,1280,1279,1,9577.2,484.5,10061.7,Dados de Utilização do Transporte Municipal/Agosto_2026/Mensal/Mensal_202608.html,Agosto_2026,monthly,2026-09-04T08:00:00
2026-08-25,Ter,52,47,1280,1278,2,9572.5,494.2,10066.7,Dados de Utilização do Transporte Municipal/Agosto_2026/Mensal/Mensal_202608.html,Agosto_2026,monthly,2026-09-04T08:00:00
2026-08-26,Qua,52,48,1280,1280,0,9590.9,522.3,10113.2,Dados de Utilização do Transporte Municipal/Agosto_2026/Mensal/Mensal_202608.html,Agosto_2026,monthly,2026-09-04T08:00:00
2026-08-27,Qui,51,47,1280,1280,0,9588.1,518.1,10106.2,Dados de Utilização do Transporte Municipal/Agosto_2026/Mensal/Mensal_202608.html,Agosto_2026,monthly,2026-09-04T08:00:00
2026-08-28,Sex,49,47,1280,1279,1,9575.3,483.9,10059.2,Dados de Utilização do Transporte Municipal/Agosto_2026/Mensal/Mensal_202608.html,Agosto_2026,monthly,2026-09-04T08:00:00
2026-08-29,Sab,42,35,924,920,4,6852.6,382.1,7234.7,Dados de Utilização do Transporte Municipal/Agosto_2026/Mensal/Mensal_202608.html,Agosto_2026,monthly,2026-09-04T08:00:00
2026-08-30,Dom,25,23,710,708,2,5279.9,272.7,5552.6,Dados de Utilização do Transporte Municipal/Agosto_2026/Mensal/Mensal_202608.html,Agosto_2026,monthly,2026-09-04T08:00:00
2026-08-31,Seg,51,47,1280,1280,0,9578.7,516.7,10095.4,Dados de Utilização do Transporte Municipal/Agosto_2026/Mensal/Mensal_202608.html,Agosto_2026,monthly,2026-09-04T08:00:00
2026-09-01,Ter,51,47,1280,1280,0,9569.0,511.9,10080.9,Dados de Utilização do Transporte Municipal/Setembro_2026/Quinzenal/Quinzenal_202609.html,Setembro_2026,fortnightly,2026-09-15T08:00:00
2026-09-02,Qua,51,47,1280,1277,3,9556.4,584.7,10141.1,Dados de Utilização do Transporte Municipal/Setembro_2026/Quinzenal/Quinzenal_202609.html,Setembro_2026,fortnightly,2026-09-15T08:00:00
2026-09-03,Qui,53,47,1280,1279,1,9578.9,503.2,10082.1,Dados de Utilização do Transporte Municipal/Setembro_2026/Quinzenal/Quinzenal_202609.html,Setembro_2026,fortnightly,2026-09-15T08:00:00
2026-09-04,Sex,50,48,1280,1280,0,9591.0,489.1,10080.1,Dados de Utilização do Transporte Municipal/Setembro_2026/Quinzenal/Quinzenal_202609.html,Setembro_2026,fortnightly,2026-09-15T08:00:00
2026-09-05,Sab,36,35,924,924,0,6883.1,329.0,7212.1,Dados de Utilização do Transporte Municipal/Setembro_2026/Quinzenal/Quinzenal_202609.html,Setembro_2026,fortnightly,2026-09-15T08:00:00
2026-09-06,Dom,28,23,710,710,0,5292.3,281.6,5573.9,Dados de Utilização do Transporte Municipal/Setembro_2026/Quinzenal/Quinzenal_202609.html,Setembro_2026,fortnightly,2026-09-15T08:00:00
2026-09-07,Seg,27,22,710,710,0,5285.3,273.2,5558.5,Dados de Utilização do Transporte Municipal/Setembro_2026/Quinzenal/Quinzenal_202609.html,Setembro_2026,fortnightly,2026-09-15T08:00:00
2026-09-08,Ter,51,47,1280,1280,0,9565.2,464.4,10029.6,Dados de Utilização do Transporte Municipal/Setembro_2026/Quinzenal/Quinzenal_202609.html,Setembro_2026,fortnightly,2026-09-15T08:00:00
2026-09-09,Qua,53,48,1280,1280,0,9581.3,496.6,10077.9,Dados de Utilização do Transporte Municipal/Setembro_2026/Quinzenal/Quinzenal_202609.html,Setembro_2026,fortnightly,2026-09-15T08:00:00
2026-09-10,Qui,50,48,1280,1277,3,9564.0,474.1,10038.1,Dados de Utilização do Transporte Municipal/Setembro_2026/Quinzenal/Quinzenal_202609.html,Setembro_2026,fortnightly,2026-09-15T08:00:00
2026-09-11,Sex,52,47,1280,1278,2,9559.2,512.9,10072.1,Dados de Utilização do Transporte Municipal/Setembro_2026/Quinzenal/Quinzenal_202609.html,Setembro_2026,fortnightly,2026-09-15T08:00:00
2026-09-12,Sab,38,35,924,924,0,6894.2,338.3,7232.5,Dados de Utilização do Transporte Municipal/Setembro_2026/Quinzenal/Quinzenal_202609.html,Setembro_2026,fortnightly,2026-09-15T08:00:00
2026-09-13,Dom,25,22,710,710,0,5297.2,275.9,5573.1,Dados de Utilização do Transporte Municipal/Setembro_2026/Quinzenal/Quinzenal_202609.html,Setembro_2026,fortnightly,2026-09-15T08:00:00
2026-09-14,Seg,54,47,1280,1280,0,9578.5,479.6,10058.1,Dados de Utilização do Transporte Municipal/Setembro_2026/Quinzenal/Quinzenal_202609.html,Setembro_2026,fortnightly,2026-09-15T08:00:00
