service_date,turnstile_passengers,advance_passengers,non_paying_passengers,total_passengers,source_file,source_period,source_granularity,source_generated_at
2026-07-15,24140,407,6223,30770,Dados de Utilização do Transporte Municipal/Julho_2026/Mensal/Passageiros.html,Julho_2026,monthly,2026-08-04T14:37:00
2026-07-16,24438,512,7862,32812,Dados de Utilização do Transporte Municipal/Julho_2026/Mensal/Passageiros.html,Julho_2026,monthly,2026-08-04T14:37:00
2026-07-17,24032,561,8763,33356,Dados de Utilização do Transporte Municipal/Julho_2026/Mensal/Passageiros.html,Julho_2026,monthly,2026-08-04T14:37:00
2026-07-18,12532,245,5277,18054,Dados de Utilização do Transporte Municipal/Julho_2026/Mensal/Passageiros.html,Julho_2026,monthly,2026-08-04T14:37:00
2026-07-19,6141,85,2423,8649,Dados de Utilização do Transporte Municipal/Julho_2026/Mensal/Passageiros.html,Julho_2026,monthly,2026-08-04T14:37:00
2026-07-20,24515,671,11368,36554,Dados de Utilização do Transporte Municipal/Julho_2026/Mensal/Passageiros.html,Julho_2026,monthly,2026-08-04T14:37:00
2026-07-21,24935,741,13239,38915,Dados de Utilização do Transporte Municipal/Julho_2026/Mensal/Passageiros.html,Julho_2026,monthly,2026-08-04T14:37:00
2026-07-22,24445,769,14188,39402,Dados de Utilização do Transporte Municipal/Julho_2026/Mensal/Passageiros.html,Julho_2026,monthly,2026-08-04T14:37:00
2026-07-23,22837,834,14796,38467,Dados de Utilização do Transporte Municipal/Julho_2026/Mensal/Passageiros.html,Julho_2026,monthly,2026-08-04T14:37:00
2026-07-24,21207,832,14782,36821,Dados de Utilização do Transporte Municipal/Julho_2026/Mensal/Passageiros.html,Julho_2026,monthly,2026-08-04T14:37:00
2026-07-25,10178,307,8040,18525,Dados de Utilização do Transporte Municipal/Julho_2026/Mensal/Passageiros.html,Julho_2026,monthly,2026-08-04T14:37:00
2026-07-26,2969,146,4644,7759,Dados de Utilização do Transporte Municipal/Julho_2026/Mensal/Passageiros.html,Julho_2026,monthly,2026-08-04T14:37:00
2026-07-27,9642,733,14725,25100,Dados de Utilização do Transporte Municipal/Julho_2026/Mensal/Passageiros.html,Julho_2026,monthly,2026-08-04T14:37:00
2026-07-28,7458,539,11789,19786,Dados de Utilização do Transporte Municipal/Julho_2026/Mensal/Passageiros.html,Julho_2026,monthly,2026-08-04T14:37:00
2026-07-29,11892,1041,21239,34172,Dados de Utilização do Transporte Municipal/Julho_2026/Mensal/Passageiros.html,Julho_2026,monthly,2026-08-04T14:37:00
2026-07-30,11359,1224,23158,35741,Dados de Utilização do Transporte Municipal/Julho_2026/Mensal/Passageiros.html,Julho_2026,monthly,2026-08-04T14:37:00
2026-07-31,10844,1384,22542,34770,Dados de Utilização do Transporte Municipal/Julho_2026/Mensal/Passageiros.html,Julho_2026,monthly,2026-08-04T14:37:00
2026-08-01,5168,676,10700,16544,Dados de Utilização do Transporte Municipal/Agosto_2026/Mensal/Passageiros_Mensal.html,Agosto_2026,monthly,2026-09-04T08:01:00
2026-08-02,2493,396,5209,8098,Dados de Utilização do Transporte Municipal/Agosto_2026/Mensal/Passageiros_Mensal.html,Agosto_2026,monthly,2026-09-04T08:01:00
2026-08-03,10960,1722,26125,38807,Dados de Utilização do Transporte Municipal/Agosto_2026/Mensal/Passageiros_Mensal.html,Agosto_2026,monthly,2026-09-04T08:01:00
2026-08-04,10524,1811,27724,40059,Dados de Utilização do Transporte Municipal/Agosto_2026/Mensal/Passageiros_Mensal.html,Agosto_2026,monthly,2026-09-04T08:01:00
2026-08-05,10388,1893,28527,40808,Dados de Utilização do Transporte Municipal/Agosto_2026/Mensal/Passageiros_Mensal.html,Agosto_2026,monthly,2026-09-04T08:01:00
2026-08-06,10751,2086,28725,41562,Dados de Utilização do Transporte Municipal/Agosto_2026/Mensal/Passageiros_Mensal.html,Agosto_2026,monthly,2026-09-04T08:01:00
2026-08-07,10242,2086,26393,38721,Dados de Utilização do Transporte Municipal/Agosto_2026/Mensal/Passageiros_Mensal.html,Agosto_2026,monthly,2026-09-04T08:01:00
2026-08-08,4994,1020,12372,18386,Dados de Utilização do Transporte Municipal/Agosto_2026/Mensal/Passageiros_Mensal.html,Agosto_2026,monthly,2026-09-04T08:01:00
2026-08-09,2269,516,4930,7715,Dados de Utilização do Transporte Municipal/Agosto_2026/Mensal/Passageiros_Mensal.html,Agosto_2026,monthly,2026-09-04T08:01:00
2026-08-10,10179,2257,28809,41245,Dados de Utilização do Transporte Municipal/Agosto_2026/Mensal/Passageiros_Mensal.html,Agosto_2026,monthly,2026-09-04T08:01:00
2026-08-11,9990,2424,30709,43123,Dados de Utilização do Transporte Municipal/Agosto_2026/Mensal/Passageiros_Mensal.html,Agosto_2026,monthly,2026-09-04T08:01:00
2026-08-12,9919,2471,31863,44253,Dados de Utilização do Transporte Municipal/Agosto_2026/Mensal/Passageiros_Mensal.html,Agosto_2026,monthly,2026-09-04T08:01:00
2026-08-13,9725,2535,31891,44151,Dados de Utilização do Transporte Municipal/Agosto_2026/Mensal/Passageiros_Mensal.html,Agosto_2026,monthly,2026-09-04T08:01:00
2026-08-14,9419,2501,29851,41771,Dados de Utilização do Transporte Municipal/Agosto_2026/Mensal/Passageiros_Mensal.html,Agosto_2026,monthly,2026-09-04T08:01:00
2026-08-15,4450,1120,12209,17779,Dados de Utilização do Transporte Municipal/Agosto_2026/Mensal/Passageiros_Mensal.html,Agosto_2026,monthly,2026-09-04T08:01:00
2026-08-16,2179,633,6446,9258,Dados de Utilização do Transporte Municipal/Agosto_2026/Mensal/Passageiros_Mensal.html,Agosto_2026,monthly,2026-09-04T08:01:00
2026-08-17,8861,2530,33467,44858,Dados de Utilização do Transporte Municipal/Agosto_2026/Mensal/Passageiros_Mensal.html,Agosto_2026,monthly,2026-09-04T08:01:00
2026-08-18,9229,2627,35036,46892,Dados de Utilização do Transporte Municipal/Agosto_2026/Mensal/Passageiros_Mensal.html,Agosto_2026,monthly,2026-09-04T08:01:00
2026-08-19,9003,2643,35520,47166,Dados de Utilização do Transporte Municipal/Agosto_2026/Mensal/Passageiros_Mensal.html,Agosto_2026,monthly,2026-09-04T08:01:00
2026-08-20,8876,2713,34560,46149,Dados de Utilização do Transporte Municipal/Agosto_2026/Mensal/Passageiros_Mensal.html,Agosto_2026,monthly,2026-09-04T08:01:00
2026-08-21,8532,2578,31594,42704,Dados de Utilização do Transporte Municipal/Agosto_2026/Mensal/Passageiros_Mensal.html,Agosto_2026,monthly,2026-09-04T08:01:00
2026-08-22,4201,1251,14174,19626,Dados de Utilização do Transporte Municipal/Agosto_2026/Mensal/Passageiros_Mensal.html,Agosto_2026,monthly,2026-09-04T08:01:00
2026-08-23,2040,683,6924,9647,Dados de Utilização do Transporte Municipal/Agosto_2026/Mensal/Passageiros_Mensal.html,Agosto_2026,monthly,2026-09-04T08:01:00
2026-08-24,8015,2643,33309,43967,Dados de Utilização do Transporte Municipal/Agosto_2026/Mensal/Passageiros_Mensal.html,Agosto_2026,monthly,2026-09-04T08:01:00
2026-08-25,8241,2740,34832,45813,Dados de Utilização do Transporte Municipal/Agosto_2026/Mensal/Passageiros_Mensal.html,Agosto_2026,monthly,2026-09-04T08:01:00
2026-08-26,8234,2716,35460,46410,Dados de Utilização do Transporte Municipal/Agosto_2026/Mensal/Passageiros_Mensal.html,Agosto_2026,monthly,2026-09-04T08:01:00
2026-08-27,8227,2752,36133,47112,Dados de Utilização do Transporte Municipal/Agosto_2026/Mensal/Passageiros_Mensal.html,Agosto_2026,monthly,2026-09-04T08:01:00
2026-08-28,8100,2836,33963,44899,Dados de Utilização do Transporte Municipal/Agosto_2026/Mensal/Passageiros_Mensal.html,Agosto_2026,monthly,2026-09-04T08:01:00
2026-08-29,3906,1461,14578,19945,Dados de Utilização do Transporte Municipal/Agosto_2026/Mensal/Passageiros_Mensal.html,Agosto_2026,monthly,2026-09-04T08:01:00
2026-08-30,1786,803,6481,9070,Dados de Utilização do Transporte Municipal/Agosto_2026/Mensal/Passageiros_Mensal.html,Agosto_2026,monthly,2026-09-04T08:01:00
2026-08-31,7529,2825,33356,43710,Dados de Utilização do Transporte Municipal/Agosto_2026/Mensal/Passageiros_Mensal.html,Agosto_2026,monthly,2026-09-04T08:01:00
2026-09-01,7701,2960,32343,43004,Dados de Utilização do Transporte Municipal/Setembro_2026/Quinzenal/Passageiros_Quinzenal.html,Setembro_2026,fortnightly,2026-09-15T08:01:00
2026-09-02,7997,3067,36943,48007,Dados de Utilização do Transporte Municipal/Setembro_2026/Quinzenal/Passageiros_Quinzenal.html,Setembro_2026,fortnightly,2026-09-15T08:01:00
2026-09-03,8045,3157,36433,47635,Dados de Utilização do Transporte Municipal/Setembro_2026/Quinzenal/Passageiros_Quinzenal.html,Setembro_2026,fortnightly,2026-09-15T08:01:00
2026-09-04,7884,2958,33292,44134,Dados de Utilização do Transporte Municipal/Setembro_2026/Quinzenal/Passageiros_Quinzenal.html,Setembro_2026,fortnightly,2026-09-15T08:01:00
2026-09-05,3470,1432,10670,15572,Dados de Utilização do Transporte Municipal/Setembro_2026/Quinzenal/Passageiros_Quinzenal.html,Setembro_2026,fortnightly,2026-09-15T08:01:00
2026-09-06,1607,618,4472,6697,Dados de Utilização do Transporte Municipal/Setembro_2026/Quinzenal/Passageiros_Quinzenal.html,Setembro_2026,fortnightly,2026-09-15T08:01:00
2026-09-07,2322,1044,6621,9987,Dados de Utilização do Transporte Municipal/Setembro_2026/Quinzenal/Passageiros_Quinzenal.html,Setembro_2026,fortnightly,2026-09-15T08:01:00
2026-09-08,7673,2939,34802,45414,Dados de Utilização do Transporte Municipal/Setembro_2026/Quinzenal/Passageiros_Quinzenal.html,Setembro_2026,fortnightly,2026-09-15T08:01:00
2026-09-09,7839,3033,31699,42571,Dados de Utilização do Transporte Municipal/Setembro_2026/Quinzenal/Passageiros_Quinzenal.html,Setembro_2026,fortnightly,2026-09-15T08:01:00
2026-09-10,7767,3097,28615,39479,Dados de Utilização do Transporte Municipal/Setembro_2026/Quinzenal/Passageiros_Quinzenal.html,Setembro_2026,fortnightly,2026-09-15T08:01:00
2026-09-11,7830,3032,30678,41540,Dados de Utilização do Transporte Municipal/Setembro_2026/Quinzenal/Passageiros_Quinzenal.html,Setembro_2026,fortnightly,2026-09-15T08:01:00
2026-09-12,3541,1484,11927,16952,Dados de Utilização do Transporte Municipal/Setembro_2026/Quinzenal/Passageiros_Quinzenal.html,Setembro_2026,fortnightly,2026-09-15T08:01:00
2026-09-13,1614,839,5441,7894,Dados de Utilização do Transporte Municipal/Setembro_2026/Quinzenal/Passageiros_Quinzenal.html,Setembro_2026,fortnightly,2026-09-15T08:01:00
2026-09-14,7516,3061,31738,42315,Dados de Utilização do Transporte Municipal/Setembro_2026/Quinzenal/Passageiros_Quinzenal.html,Setembro_2026,fortnightly,2026-09-15T08:01:00
