service_date,line_code,service,vehicle_prefix,activity,direction,schedule,departure_status,arrival_status,scheduled_start,actual_start,scheduled_end,actual_end,productive_km,source_file,source_period,source_granularity,source_generated_at
2026-07-01,07,BAIRRO BOA VISTA SENTIDO BAIRRO,1321,Viagem Normal,V,1B,,,2026-07-01 15:25:00,,2026-07-01 16:05:00,,0.0,Dados de Utilização do Transporte Municipal/Julho_2026/Mensal/Mensal_Viag_NRealiz_202607.html,Julho_2026,monthly,2026-08-04T14:37:00
2026-07-01,07,BAIRRO BOA VISTA SENTIDO ESTAÇÃO,1321,Viagem Normal,I,1B,,,2026-07-01 16:05:00,,2026-07-01 16:40:00,,0.0,Dados de Utilização do Transporte Municipal/Julho_2026/Mensal/Mensal_Viag_NRealiz_202607.html,Julho_2026,monthly,2026-08-04T14:37:00
2026-07-04,01,ESTAÇÃO - SANTA MARIA,,Viagem Normal,V,3A,,,2026-07-04 14:20:00,,2026-07-04 14:45:00,,0.0,Dados de Utilização do Transporte Municipal/Julho_2026/Mensal/Mensal_Viag_NRealiz_202607.html,Julho_2026,monthly,2026-08-04T14:37:00
2026-07-04,08,ESTAÇÃO VIA FUNDAÇÃO,1339,Viagem Normal,I,1A,,,2026-07-04 14:00:00,,2026-07-04 14:20:00,,0.0,Dados de Utilização do Transporte Municipal/Julho_2026/Mensal/Mensal_Viag_NRealiz_202607.html,Julho_2026,monthly,2026-08-04T14:37:00
2026-07-04,08,PROSPERIDADE,1339,Viagem Normal,V,1A,,,2026-07-04 13:30:00,,2026-07-04 14:00:00,,0.0,Dados de Utilização do Transporte Municipal/Julho_2026/Mensal/Mensal_Viag_NRealiz_202607.html,Julho_2026,monthly,2026-08-04T14:37:00
2026-07-06,07,BAIRRO BOA VISTA SENTIDO BAIRRO,,Viagem Normal,V,1B,,,2026-07-06 17:56:00,,2026-07-06 18:40:00,,0.0,Dados de Utilização do Transporte Municipal/Julho_2026/Mensal/Mensal_Viag_NRealiz_202607.html,Julho_2026,monthly,2026-08-04T14:37:00
2026-07-06,07,BAIRRO BOA VISTA SENTIDO BAIRRO,,Viagem Normal,V,1B,,,2026-07-06 19:15:00,,2026-07-06 19:50:00,,0.0,Dados de Utilização do Transporte Municipal/Julho_2026/Mensal/Mensal_Viag_NRealiz_202607.html,Julho_2026,monthly,2026-08-04T14:37:00
2026-07-06,07,BAIRRO BOA VISTA SENTIDO ESTAÇÃO,,Viagem Normal,I,1B,,,2026-07-06 18:40:00,,2026-07-06 19:15:00,,0.0,Dados de Utilização do Transporte Municipal/Julho_2026/Mensal/Mensal_Viag_NRealiz_202607.html,Julho_2026,monthly,2026-08-04T14:37:00
2026-07-08,02,PARKSHOPPING FÓRUM SENTIDO BAIRRO,2466,Viagem Normal,V,1A,AD,,2026-07-08 05:55:00,2026-07-08 05:52:16,2026-07-08 06:22:00,,0.0,Dados de Utilização do Transporte Municipal/Julho_2026/Mensal/Mensal_Viag_NTerm_202607.html,Julho_2026,monthly,2026-08-04T14:37:00
2026-07-08,11,FÓRUM - SANTA MARIA,1588,Viagem Normal,V,3B,RG,,2026-07-08 23:55:00,2026-07-08 23:55:20,2026-07-09 00:10:00,,0.0,Dados de Utilização do Transporte Municipal/Julho_2026/Mensal/Mensal_Viag_NTerm_202607.html,Julho_2026,monthly,2026-08-04T14:37:00
2026-07-10,02,PARKSHOPPING FÓRUM SENTIDO BAIRRO,,Viagem Normal,V,1A,,,2026-07-10 12:30:00,,2026-07-10 12:50:00,,0.0,Dados de Utilização do Transporte Municipal/Julho_2026/Mensal/Mensal_Viag_NRealiz_202607.html,Julho_2026,monthly,2026-08-04T14:37:00
2026-07-10,02,PARKSHOPPING FÓRUM SENTIDO ESTAÇÃO,,Viagem Normal,I,1A,,,2026-07-10 12:50:00,,2026-07-10 13:09:00,,0.0,Dados de Utilização do Transporte Municipal/Julho_2026/Mensal/Mensal_Viag_NRealiz_202607.html,Julho_2026,monthly,2026-08-04T14:37:00
2026-07-10,08,ESTAÇÃO VIA FUNDAÇÃO,1339,Viagem Normal,I,1B,,,2026-07-10 15:40:00,,2026-07-10 16:00:00,,0.0,Dados de Utilização do Transporte Municipal/Julho_2026/Mensal/Mensal_Viag_NRealiz_202607.html,Julho_2026,monthly,2026-08-04T14:37:00
2026-07-10,08,PROSPERIDADE,1339,Viagem Normal,V,1B,,AD,2026-07-10 16:00:00,,2026-07-10 16:30:00,2026-07-10 16:18:23,0.0,Dados de Utilização do Transporte Municipal/Julho_2026/Mensal/Mensal_Viag_Ninic_202607.html,Julho_2026,monthly,2026-08-04T14:37:00
2026-07-11,01,ESTAÇÃO - SANTA MARIA,,Viagem Normal,V,2B,,,2026-07-11 20:40:00,,2026-07-11 21:10:00,,0.0,Dados de Utilização do Transporte Municipal/Julho_2026/Mensal/Mensal_Viag_NRealiz_202607.html,Julho_2026,monthly,2026-08-04T14:37:00
2026-07-11,01,SANTA MARIA - ESTAÇÃO,,Viagem Normal,I,2B,,,2026-07-11 21:10:00,,2026-07-11 21:40:00,,0.0,Dados de Utilização do Transporte Municipal/Julho_2026/Mensal/Mensal_Viag_NRealiz_202607.html,Julho_2026,monthly,2026-08-04T14:37:00
2026-07-12,11,FÓRUM - SANTA MARIA,,Viagem Normal,V,1B,,,2026-07-12 18:45:00,,2026-07-12 19:00:00,,0.0,Dados de Utilização do Transporte Municipal/Julho_2026/Mensal/Mensal_Viag_NRealiz_202607.html,Julho_2026,monthly,2026-08-04T14:37:00
2026-07-12,11,SANTA MARIA - FÓRUM,,Viagem Normal,I,1B,,,2026-07-12 18:30:00,,2026-07-12 18:45:00,,0.0,Dados de Utilização do Transporte Municipal/Julho_2026/Mensal/Mensal_Viag_NRealiz_202607.html,Julho_2026,monthly,2026-08-04T14:37:00
2026-07-14,08,ESTAÇÃO VIA FUNDAÇÃO,,Viagem Normal,I,1B,,,2026-07-14 17:35:00,,2026-07-14 18:05:00,,0.0,Dados de Utilização do Transporte Municipal/Julho_2026/Mensal/Mensal_Viag_NRealiz_202607.html,Julho_2026,monthly,2026-08-04T14:37:00
2026-07-14,08,PROSPERIDADE,,Viagem Normal,V,1B,,,2026-07-14 16:55:00,,2026-07-14 17:35:00,,0.0,Dados de Utilização do Transporte Municipal/Julho_2026/Mensal/Mensal_Viag_NRealiz_202607.html,Julho_2026,monthly,2026-08-04T14:37:00
2026-07-15,02,CIRC. GERTY SENTIDO BAIRRO,,Viagem Normal,V,7A,,,2026-07-15 06:39:00,,2026-07-15 07:14:00,,0.0,Dados de Utilização do Transporte Municipal/Julho_2026/Mensal/Mensal_Viag_NRealiz_202607.html,Julho_2026,monthly,2026-08-04T14:37:00
2026-07-15,02,CIRC. GERTY SENTIDO ESTACAO,2466,Viagem Normal,I,1A,,RG,2026-07-15 04:45:00,,2026-07-15 05:10:00,2026-07-15 05:17:53,0.0,Dados de Utilização do Transporte Municipal/Julho_2026/Mensal/Mensal_Viag_Ninic_202607.html,Julho_2026,monthly,2026-08-04T14:37:00
2026-07-15,02,CIRC. GERTY SENTIDO ESTACAO,,Viagem Normal,I,7A,,,2026-07-15 06:08:00,,2026-07-15 06:39:00,,0.0,Dados de Utilização do Transporte Municipal/Julho_2026/Mensal/Mensal_Viag_NRealiz_202607.html,Julho_2026,monthly,2026-08-04T14:37:00
2026-07-16,02,CIRC. GERTY SENTIDO BAIRRO,,Viagem Normal,V,3A,,,2026-07-16 05:45:00,,2026-07-16 06:20:00,,0.0,Dados de Utilização do Transporte Municipal/Julho_2026/Mensal/Mensal_Viag_NRealiz_202607.html,Julho_2026,monthly,2026-08-04T14:37:00
2026-07-16,02,CIRC. GERTY SENTIDO ESTACAO,,Viagem Normal,I,3A,,,2026-07-16 05:20:00,,2026-07-16 05:45:00,,0.0,Dados de Utilização do Transporte Municipal/Julho_2026/Mensal/Mensal_Viag_NRealiz_202607.html,Julho_2026,monthly,2026-08-04T14:37:00
2026-07-16,03,BARCELONA CIRC. SENTIDO BAIRRO,,Viagem Normal,V,5A,,,2026-07-16 11:35:00,,2026-07-16 12:10:00,,0.0,Dados de Utilização do Transporte Municipal/Julho_2026/Mensal/Mensal_Viag_NRealiz_202607.html,Julho_2026,monthly,2026-08-04T14:37:00
2026-07-16,03,BARCELONA CIRC. SENTIDO ESTACAO,,Viagem Normal,I,5A,,,2026-07-16 11:02:00,,2026-07-16 11:35:00,,0.0,Dados de Utilização do Transporte Municipal/Julho_2026/Mensal/Mensal_Viag_NRealiz_202607.html,Julho_2026,monthly,2026-08-04T14:37:00
2026-07-16,03,BARCELONA CIRC. SENTIDO ESTACAO,,Viagem Normal,I,5A,,,2026-07-16 12:10:00,,2026-07-16 12:45:00,,0.0,Dados de Utilização do Transporte Municipal/Julho_2026/Mensal/Mensal_Viag_NRealiz_202607.html,Julho_2026,monthly,2026-08-04T14:37:00
2026-07-17,07,B. BOA VISTA SENTIDO BAIRRO,,Viagem Normal,V,4B,,,2026-07-17 17:05:00,,2026-07-17 17:45:00,,0.0,Dados de Utilização do Transporte Municipal/Julho_2026/Mensal/Mensal_Viag_NRealiz_202607.html,Julho_2026,monthly,2026-08-04T14:37:00
2026-07-19,02,CIRC. GERTY SENTIDO BAIRRO,,Viagem Normal,V,3B,,,2026-07-19 18:25:00,,2026-07-19 19:15:00,,0.0,Dados de Utilização do Transporte Municipal/Julho_2026/Mensal/Mensal_Viag_NRealiz_202607.html,Julho_2026,monthly,2026-08-04T14:37:00
2026-07-19,02,CIRC. GERTY SENTIDO ESTACAO,,Viagem Normal,I,3B,,,2026-07-19 17:55:00,,2026-07-19 18:25:00,,0.0,Dados de Utilização do Transporte Municipal/Julho_2026/Mensal/Mensal_Viag_NRealiz_202607.html,Julho_2026,monthly,2026-08-04T14:37:00
2026-07-21,06,B. NOVA GERTY SENTIDO BAIRRO,1641,Viagem Normal,V,2A,RG,,2026-07-21 12:56:00,2026-07-21 12:57:51,2026-07-21 13:29:00,,0.0,Dados de Utilização do Transporte Municipal/Julho_2026/Mensal/Mensal_Viag_NTerm_202607.html,Julho_2026,monthly,2026-08-04T14:37:00
2026-07-22,01,B. SANTA MARIA SENTIDO BAIRRO,,Viagem Normal,V,4A,,,2026-07-22 12:45:00,,2026-07-22 13:20:00,,0.0,Dados de Utilização do Transporte Municipal/Julho_2026/Mensal/Mensal_Viag_NRealiz_202607.html,Julho_2026,monthly,2026-08-04T14:37:00
2026-07-22,01,B. SANTA MARIA SENTIDO ESTAÇÃO,,Viagem Normal,I,4A,,,2026-07-22 13:20:00,,2026-07-22 13:50:00,,0.0,Dados de Utilização do Transporte Municipal/Julho_2026/Mensal/Mensal_Viag_NRealiz_202607.html,Julho_2026,monthly,2026-08-04T14:37:00
2026-07-22,03,BARCELONA CIRC. SENTIDO BAIRRO,3361,Viagem Normal,V,8A,RG,,2026-07-22 07:57:00,2026-07-22 08:01:39,2026-07-22 08:36:00,,0.0,Dados de Utilização do Transporte Municipal/Julho_2026/Mensal/Mensal_Viag_NTerm_202607.html,Julho_2026,monthly,2026-08-04T14:37:00
2026-07-22,03,BARCELONA CIRC. SENTIDO ESTACAO,3361,Viagem Normal,I,8A,,RG,2026-07-22 08:36:00,,2026-07-22 09:11:00,2026-07-22 09:06:01,0.0,Dados de Utilização do Transporte Municipal/Julho_2026/Mensal/Mensal_Viag_Ninic_202607.html,Julho_2026,monthly,2026-08-04T14:37:00
2026-07-22,07,B. BOA VISTA SENTIDO BAIRRO,,Viagem Normal,V,4A,,,2026-07-22 08:50:00,,2026-07-22 09:30:00,,0.0,Dados de Utilização do Transporte Municipal/Julho_2026/Mensal/Mensal_Viag_NRealiz_202607.html,Julho_2026,monthly,2026-08-04T14:37:00
2026-07-22,07,B. BOA VISTA SENTIDO ESTACAO,,Viagem Normal,I,4A,,,2026-07-22 09:30:00,,2026-07-22 10:05:00,,0.0,Dados de Utilização do Transporte Municipal/Julho_2026/Mensal/Mensal_Viag_NRealiz_202607.html,Julho_2026,monthly,2026-08-04T14:37:00
2026-07-26,01,B. SANTA MARIA SENTIDO BAIRRO,,Viagem Normal,V,1B,,,2026-07-26 16:40:00,,2026-07-26 17:05:00,,0.0,Dados de Utilização do Transporte Municipal/Julho_2026/Mensal/Mensal_Viag_NRealiz_202607.html,Julho_2026,monthly,2026-08-04T14:37:00
2026-07-26,01,B. SANTA MARIA SENTIDO ESTAÇÃO,,Viagem Normal,I,1B,,,2026-07-26 16:15:00,,2026-07-26 16:40:00,,0.0,Dados de Utilização do Transporte Municipal/Julho_2026/Mensal/Mensal_Viag_NRealiz_202607.html,Julho_2026,monthly,2026-08-04T14:37:00
2026-07-26,02,CIRCULAR GERTY SENTIDO IDA,,Viagem Normal,I,3A,,,2026-07-26 07:10:00,,2026-07-26 07:40:00,,0.0,Dados de Utilização do Transporte Municipal/Julho_2026/Mensal/Mensal_Viag_NRealiz_202607.html,Julho_2026,monthly,2026-08-04T14:37:00
2026-07-26,02,CIRCULAR GERTY SENTIDO VOLTA,,Viagem Normal,V,3A,,,2026-07-26 06:40:00,,2026-07-26 07:10:00,,0.0,Dados de Utilização do Transporte Municipal/Julho_2026/Mensal/Mensal_Viag_NRealiz_202607.html,Julho_2026,monthly,2026-08-04T14:37:00
2026-07-26,05,B. MAUÁ SENTIDO ESTAÇÃO,,Viagem Normal,I,1B,,,2026-07-26 13:25:00,,2026-07-26 13:50:00,,0.0,Dados de Utilização do Transporte Municipal/Julho_2026/Mensal/Mensal_Viag_NRealiz_202607.html,Julho_2026,monthly,2026-08-04T14:37:00
2026-07-27,03,BARCELONA CIRC. SENTIDO BAIRRO,,Viagem Normal,V,5A,,,2026-07-27 11:45:00,,2026-07-27 12:20:00,,0.0,Dados de Utilização do Transporte Municipal/Julho_2026/Mensal/Mensal_Viag_NRealiz_202607.html,Julho_2026,monthly,2026-08-04T14:37:00
2026-07-27,03,BARCELONA CIRC. SENTIDO ESTACAO,,Viagem Normal,I,5A,,,2026-07-27 11:10:00,,2026-07-27 11:45:00,,0.0,Dados de Utilização do Transporte Municipal/Julho_2026/Mensal/Mensal_Viag_NRealiz_202607.html,Julho_2026,monthly,2026-08-04T14:37:00
2026-07-27,03,BARCELONA CIRC. SENTIDO ESTACAO,,Viagem Normal,I,5A,,,2026-07-27 12:20:00,,2026-07-27 12:55:00,,0.0,Dados de Utilização do Transporte Municipal/Julho_2026/Mensal/Mensal_Viag_NRealiz_202607.html,Julho_2026,monthly,2026-08-04T14:37:00
2026-07-27,04,B. SANTA PAULA SENTIDO BAIRRO,,Viagem Normal,V,4A,,,2026-07-27 07:20:00,,2026-07-27 08:00:00,,0.0,Dados de Utilização do Transporte Municipal/Julho_2026/Mensal/Mensal_Viag_NRealiz_202607.html,Julho_2026,monthly,2026-08-04T14:37:00
2026-07-27,04,B. SANTA PAULA SENTIDO ESTACAO,,Viagem Normal,I,4A,,,2026-07-27 06:40:00,,2026-07-27 07:20:00,,0.0,Dados de Utilização do Transporte Municipal/Julho_2026/Mensal/Mensal_Viag_NRealiz_202607.html,Julho_2026,monthly,2026-08-04T14:37:00
2026-07-27,06,B. NOVA GERTY SENTIDO ESTACAO,,Viagem Normal,I,2A,,,2026-07-27 05:00:00,,2026-07-27 05:25:00,,0.0,Dados de Utilização do Transporte Municipal/Julho_2026/Mensal/Mensal_Viag_NRealiz_202607.html,Julho_2026,monthly,2026-08-04T14:37:00
2026-07-27,07,B. BOA VISTA SENTIDO BAIRRO,,Viagem Normal,V,4A,,,2026-07-27 13:52:00,,2026-07-27 14:29:00,,0.0,Dados de Utilização do Transporte Municipal/Julho_2026/Mensal/Mensal_Viag_NRealiz_202607.html,Julho_2026,monthly,2026-08-04T14:37:00
2026-07-28,07,B. BOA VISTA SENTIDO BAIRRO,,Viagem Normal,V,4B,,,2026-07-28 23:05:00,,2026-07-28 23:30:00,,0.0,Dados de Utilização do Transporte Municipal/Julho_2026/Mensal/Mensal_Viag_NRealiz_202607.html,Julho_2026,monthly,2026-08-04T14:37:00
2026-07-29,03,BARCELONA CIRC. SENTIDO BAIRRO,,Viagem Normal,V,7A,,,2026-07-29 14:37:00,,2026-07-29 15:09:00,,0.0,Dados de Utilização do Transporte Municipal/Julho_2026/Mensal/Mensal_Viag_NRealiz_202607.html,Julho_2026,monthly,2026-08-04T14:37:00
2026-07-30,08,ESTAÇÃO VIA FUNDAÇÃO,,Viagem Normal,I,1B,,,2026-07-30 17:35:00,,2026-07-30 18:05:00,,0.0,Dados de Utilização do Transporte Municipal/Julho_2026/Mensal/Mensal_Viag_NRealiz_202607.html,Julho_2026,monthly,2026-08-04T14:37:00
2026-07-30,08,PROSPERIDADE,,Viagem Normal,V,1B,,,2026-07-30 16:55:00,,2026-07-30 17:35:00,,0.0,Dados de Utilização do Transporte Municipal/Julho_2026/Mensal/Mensal_Viag_NRealiz_202607.html,Julho_2026,monthly,2026-08-04T14:37:00
2026-07-31,02,CIRCULAR GERTY SENTIDO VOLTA,,Viagem Normal,V,8B,,,2026-07-31 23:10:00,,2026-07-31 23:40:00,,0.0,Dados de Utilização do Transporte Municipal/Julho_2026/Mensal/Mensal_Viag_NRealiz_202607.html,Julho_2026,monthly,2026-08-04T14:37:00
2026-07-31,07,B. BOA VISTA SENTIDO BAIRRO,,Viagem Normal,V,5A,,,2026-07-31 12:35:00,,2026-07-31 13:15:00,,0.0,Dados de Utilização do Transporte Municipal/Julho_2026/Mensal/Mensal_Viag_NRealiz_202607.html,Julho_2026,monthly,2026-08-04T14:37:00
2026-07-31,07,B. BOA VISTA SENTIDO ESTACAO,,Viagem Normal,I,5A,,,2026-07-31 12:00:00,,2026-07-31 12:35:00,,0.0,Dados de Utilização do Transporte Municipal/Julho_2026/Mensal/Mensal_Viag_NRealiz_202607.html,Julho_2026,monthly,2026-08-04T14:37:00
2026-08-02,04,B. SANTA PAULA SENTIDO ESTACAO,,Viagem Normal,I,1B,,,2026-08-02 19:10:00,,2026-08-02 19:40:00,,0.0,Dados de Utilização do Transporte Municipal/Agosto_2026/Mensal/Mensal_Viag_NRealiz_202608.html,Agosto_2026,monthly,2026-09-04T08:00:00
2026-08-02,10,OSWALDO CRUZ SENTIDO BAIRRO,1444,Viagem Normal,V,1B,RG,,2026-08-02 14:10:00,2026-08-02 14:10:06,2026-08-02 14:35:00,,0.0,Dados de Utilização do Transporte Municipal/Agosto_2026/Mensal/Mensal_Viag_NTerm_202608.html,Agosto_2026,monthly,2026-09-04T08:00:00
2026-08-02,10,OSWALDO CRUZ SENTIDO BAIRRO,1444,Viagem Normal,V,1B,RG,,2026-08-02 15:00:00,2026-08-02 15:01:06,2026-08-02 15:25:00,,0.0,Dados de Utilização do Transporte Municipal/Agosto_2026/Mensal/Mensal_Viag_NTerm_202608.html,Agosto_2026,monthly,2026-09-04T08:00:00
2026-08-02,10,OSWALDO CRUZ SENTIDO BAIRRO,1444,Viagem Normal,V,1B,RG,,2026-08-02 15:50:00,2026-08-02 15:51:28,2026-08-02 16:15:00,,0.0,Dados de Utilização do Transporte Municipal/Agosto_2026/Mensal/Mensal_Viag_NTerm_202608.html,Agosto_2026,monthly,2026-09-04T08:00:00
2026-08-02,10,OSWALDO CRUZ SENTIDO ESTAÇÃO,1444,Viagem Normal,I,1B,,RG,2026-08-02 14:35:00,,2026-08-02 15:00:00,2026-08-02 14:54:52,0.0,Dados de Utilização do Transporte Municipal/Agosto_2026/Mensal/Mensal_Viag_Ninic_202608.html,Agosto_2026,monthly,2026-09-04T08:00:00
2026-08-02,10,OSWALDO CRUZ SENTIDO ESTAÇÃO,1444,Viagem Normal,I,1B,,RG,2026-08-02 15:25:00,,2026-08-02 15:50:00,2026-08-02 15:45:35,0.0,Dados de Utilização do Transporte Municipal/Agosto_2026/Mensal/Mensal_Viag_Ninic_202608.html,Agosto_2026,monthly,2026-09-04T08:00:00
2026-08-02,10,OSWALDO CRUZ SENTIDO ESTAÇÃO,1444,Viagem Normal,I,1B,,RG,2026-08-02 16:15:00,,2026-08-02 16:40:00,2026-08-02 16:36:14,0.0,Dados de Utilização do Transporte Municipal/Agosto_2026/Mensal/Mensal_Viag_Ninic_202608.html,Agosto_2026,monthly,2026-09-04T08:00:00
2026-08-03,01,B. SANTA MARIA SENTIDO BAIRRO,,Viagem Normal,V,3B,,,2026-08-03 17:35:00,,2026-08-03 18:15:00,,0.0,Dados de Utilização do Transporte Municipal/Agosto_2026/Mensal/Mensal_Viag_NRealiz_202608.html,Agosto_2026,monthly,2026-09-04T08:00:00
2026-08-03,01,B. SANTA MARIA SENTIDO ESTAÇÃO,,Viagem Normal,I,3B,,,2026-08-03 17:05:00,,2026-08-03 17:35:00,,0.0,Dados de Utilização do Transporte Municipal/Agosto_2026/Mensal/Mensal_Viag_NRealiz_202608.html,Agosto_2026,monthly,2026-09-04T08:00:00
2026-08-03,02,CIRCULAR GERTY SENTIDO IDA,,Viagem Normal,I,3A,,,2026-08-03 06:20:00,,2026-08-03 06:53:00,,0.0,Dados de Utilização do Transporte Municipal/Agosto_2026/Mensal/Mensal_Viag_NRealiz_202608.html,Agosto_2026,monthly,2026-09-04T08:00:00
2026-08-03,02,CIRCULAR GERTY SENTIDO VOLTA,2476,Viagem Normal,V,7B,RG,,2026-08-03 22:00:00,2026-08-03 22:01:51,2026-08-03 22:20:00,,0.0,Dados de Utilização do Transporte Municipal/Agosto_2026/Mensal/Mensal_Viag_NTerm_202608.html,Agosto_2026,monthly,2026-09-04T08:00:00
2026-08-03,02,CIRCULAR GERTY SENTIDO VOLTA,,Viagem Normal,V,3A,,,2026-08-03 06:53:00,,2026-08-03 07:28:00,,0.0,Dados de Utilização do Transporte Municipal/Agosto_2026/Mensal/Mensal_Viag_NRealiz_202608.html,Agosto_2026,monthly,2026-09-04T08:00:00
2026-08-03,06,B. NOVA GERTY SENTIDO BAIRRO,,Viagem Normal,V,3B,,,2026-08-03 17:18:00,,2026-08-03 18:08:00,,0.0,Dados de Utilização do Transporte Municipal/Agosto_2026/Mensal/Mensal_Viag_NRealiz_202608.html,Agosto_2026,monthly,2026-09-04T08:00:00
2026-08-03,06,B. NOVA GERTY SENTIDO BAIRRO,,Viagem Normal,V,5B,,,2026-08-03 15:48:00,,2026-08-03 16:30:00,,0.0,Dados de Utilização do Transporte Municipal/Agosto_2026/Mensal/Mensal_Viag_NRealiz_202608.html,Agosto_2026,monthly,2026-09-04T08:00:00
2026-08-03,06,B. NOVA GERTY SENTIDO ESTACAO,,Viagem Normal,I,3B,,,2026-08-03 16:45:00,,2026-08-03 17:18:00,,0.0,Dados de Utilização do Transporte Municipal/Agosto_2026/Mensal/Mensal_Viag_NRealiz_202608.html,Agosto_2026,monthly,2026-09-04T08:00:00
2026-08-03,06,B. NOVA GERTY SENTIDO ESTACAO,,Viagem Normal,I,5B,,,2026-08-03 16:30:00,,2026-08-03 17:03:00,,0.0,Dados de Utilização do Transporte Municipal/Agosto_2026/Mensal/Mensal_Viag_NRealiz_202608.html,Agosto_2026,monthly,2026-09-04T08:00:00
2026-08-04,01,B. SANTA MARIA SENTIDO BAIRRO,,Viagem Normal,V,2B,,,2026-08-04 14:30:00,,2026-08-04 15:10:00,,0.0,Dados de Utilização do Transporte Municipal/Agosto_2026/Mensal/Mensal_Viag_NRealiz_202608.html,Agosto_2026,monthly,2026-09-04T08:00:00
2026-08-04,01,B. SANTA MARIA SENTIDO ESTAÇÃO,,Viagem Normal,I,2B,,,2026-08-04 14:00:00,,2026-08-04 14:30:00,,0.0,Dados de Utilização do Transporte Municipal/Agosto_2026/Mensal/Mensal_Viag_NRealiz_202608.html,Agosto_2026,monthly,2026-09-04T08:00:00
2026-08-04,02,CIRCULAR GERTY SENTIDO IDA,,Viagem Normal,I,2A,,,2026-08-04 06:59:00,,2026-08-04 07:32:00,,0.0,Dados de Utilização do Transporte Municipal/Agosto_2026/Mensal/Mensal_Viag_NRealiz_202608.html,Agosto_2026,monthly,2026-09-04T08:00:00
2026-08-04,02,CIRCULAR GERTY SENTIDO IDA,,Viagem Normal,I,2A,,,2026-08-04 08:07:00,,2026-08-04 08:41:00,,0.0,Dados de Utilização do Transporte Municipal/Agosto_2026/Mensal/Mensal_Viag_NRealiz_202608.html,Agosto_2026,monthly,2026-09-04T08:00:00
2026-08-04,02,CIRCULAR GERTY SENTIDO VOLTA,,Viagem Normal,V,2A,,,2026-08-04 07:32:00,,2026-08-04 08:07:00,,0.0,Dados de Utilização do Transporte Municipal/Agosto_2026/Mensal/Mensal_Viag_NRealiz_202608.html,Agosto_2026,monthly,2026-09-04T08:00:00
2026-08-04,04,B. SANTA PAULA SENTIDO BAIRRO,1445,Viagem Normal,V,2A,,RG,2026-08-04 05:40:00,,2026-08-04 06:09:00,2026-08-04 06:06:28,0.0,Dados de Utilização do Transporte Municipal/Agosto_2026/Mensal/Mensal_Viag_Ninic_202608.html,Agosto_2026,monthly,2026-09-04T08:00:00
2026-08-04,04,B. SANTA PAULA SENTIDO ESTACAO,1445,Viagem Normal,I,2A,RG,,2026-08-04 05:10:00,2026-08-04 05:10:19,2026-08-04 05:40:00,,0.0,Dados de Utilização do Transporte Municipal/Agosto_2026/Mensal/Mensal_Viag_NTerm_202608.html,Agosto_2026,monthly,2026-09-04T08:00:00
2026-08-06,06,B. NOVA GERTY SENTIDO BAIRRO,3361,Viagem Normal,V,2A,RG,,2026-08-06 08:43:00,2026-08-06 08:43:21,2026-08-06 09:20:00,,0.0,Dados de Utilização do Transporte Municipal/Agosto_2026/Mensal/Mensal_Viag_NTerm_202608.html,Agosto_2026,monthly,2026-09-04T08:00:00
2026-08-06,06,B. NOVA GERTY SENTIDO ESTACAO,,Viagem Normal,I,2A,,,2026-08-06 09:20:00,,2026-08-06 09:53:00,,0.0,Dados de Utilização do Transporte Municipal/Agosto_2026/Mensal/Mensal_Viag_NRealiz_202608.html,Agosto_2026,monthly,2026-09-04T08:00:00
2026-08-06,10,OSWALDO CRUZ SENTIDO BAIRRO,,Viagem Normal,V,2A,,,2026-08-06 05:20:00,,2026-08-06 05:50:00,,0.0,Dados de Utilização do Transporte Municipal/Agosto_2026/Mensal/Mensal_Viag_NRealiz_202608.html,Agosto_2026,monthly,2026-09-04T08:00:00
2026-08-06,10,OSWALDO CRUZ SENTIDO ESTAÇÃO,,Viagem Normal,I,2A,,,2026-08-06 04:55:00,,2026-08-06 05:20:00,,0.0,Dados de Utilização do Transporte Municipal/Agosto_2026/Mensal/Mensal_Viag_NRealiz_202608.html,Agosto_2026,monthly,2026-09-04T08:00:00
2026-08-06,10,OSWALDO CRUZ SENTIDO ESTAÇÃO,,Viagem Normal,I,2A,,,2026-08-06 05:50:00,,2026-08-06 06:20:00,,0.0,Dados de Utilização do Transporte Municipal/Agosto_2026/Mensal/Mensal_Viag_NRealiz_202608.html,Agosto_2026,monthly,2026-09-04T08:00:00
2026-08-07,02,CIRCULAR GERTY SENTIDO IDA,2466,Viagem Normal,I,1A,,RG,2026-08-07 12:20:00,,2026-08-07 12:55:00,2026-08-07 12:54:30,0.0,Dados de Utilização do Transporte Municipal/Agosto_2026/Mensal/Mensal_Viag_Ninic_202608.html,Agosto_2026,monthly,2026-09-04T08:00:00
2026-08-07,02,CIRCULAR GERTY SENTIDO VOLTA,2466,Viagem Normal,V,1A,RG,,2026-08-07 11:45:00,2026-08-07 11:43:30,2026-08-07 12:20:00,,0.0,Dados de Utilização do Transporte Municipal/Agosto_2026/Mensal/Mensal_Viag_NTerm_202608.html,Agosto_2026,monthly,2026-09-04T08:00:00
2026-08-07,07,B. BOA VISTA SENTIDO BAIRRO,3343,Viagem Normal,V,1A,RG,,2026-08-07 11:35:00,2026-08-07 11:38:10,2026-08-07 12:15:00,,0.0,Dados de Utilização do Transporte Municipal/Agosto_2026/Mensal/Mensal_Viag_NTerm_202608.html,Agosto_2026,monthly,2026-09-04T08:00:00
2026-08-07,07,B. BOA VISTA SENTIDO ESTACAO,3343,Viagem Normal,I,1A,,RG,2026-08-07 12:15:00,,2026-08-07 12:50:00,2026-08-07 12:47:27,0.0,Dados de Utilização do Transporte Municipal/Agosto_2026/Mensal/Mensal_Viag_Ninic_202608.html,Agosto_2026,monthly,2026-09-04T08:00:00
2026-08-08,10,OSWALDO CRUZ SENTIDO BAIRRO,,Viagem Normal,V,2B,,,2026-08-08 21:40:00,,2026-08-08 22:10:00,,0.0,Dados de Utilização do Transporte Municipal/Agosto_2026/Mensal/Mensal_Viag_NRealiz_202608.html,Agosto_2026,monthly,2026-09-04T08:00:00
2026-08-08,10,OSWALDO CRUZ SENTIDO ESTAÇÃO,,Viagem Normal,I,2B,,,2026-08-08 21:10:00,,2026-08-08 21:40:00,,0.0,Dados de Utilização do Transporte Municipal/Agosto_2026/Mensal/Mensal_Viag_NRealiz_202608.html,Agosto_2026,monthly,2026-09-04T08:00:00
2026-08-11,08,ESTAÇÃO VIA FUNDAÇÃO,,Viagem Normal,I,2B,,,2026-08-11 15:50:00,,2026-08-11 16:20:00,,0.0,Dados de Utilização do Transporte Municipal/Agosto_2026/Mensal/Mensal_Viag_NRealiz_202608.html,Agosto_2026,monthly,2026-09-04T08:00:00
2026-08-11,08,PROSPERIDADE,,Viagem Normal,V,2B,,,2026-08-11 15:15:00,,2026-08-11 15:50:00,,0.0,Dados de Utilização do Transporte Municipal/Agosto_2026/Mensal/Mensal_Viag_NRealiz_202608.html,Agosto_2026,monthly,2026-09-04T08:00:00
2026-08-11,08,PROSPERIDADE,,Viagem Normal,V,2B,,,2026-08-11 16:20:00,,2026-08-11 17:00:00,,0.0,Dados de Utilização do Transporte Municipal/Agosto_2026/Mensal/Mensal_Viag_NRealiz_202608.html,Agosto_2026,monthly,2026-09-04T08:00:00
2026-08-14,10,OSWALDO CRUZ SENTIDO BAIRRO,,Viagem Normal,V,1A,,,2026-08-14 05:40:00,,2026-08-14 06:05:00,,0.0,Dados de Utilização do Transporte Municipal/Agosto_2026/Mensal/Mensal_Viag_NRealiz_202608.html,Agosto_2026,monthly,2026-09-04T08:00:00
2026-08-14,10,OSWALDO CRUZ SENTIDO ESTAÇÃO,,Viagem Normal,I,1A,,,2026-08-14 05:15:00,,2026-08-14 05:40:00,,0.0,Dados de Utilização do Transporte Municipal/Agosto_2026/Mensal/Mensal_Viag_NRealiz_202608.html,Agosto_2026,monthly,2026-09-04T08:00:00
2026-08-17,02,CIRCULAR GERTY SENTIDO IDA,,Viagem Normal,I,1A,,,2026-08-17 11:12:00,,2026-08-17 11:45:00,,0.0,Dados de Utilização do Transporte Municipal/Agosto_2026/Mensal/Mensal_Viag_NRealiz_202608.html,Agosto_2026,monthly,2026-09-04T08:00:00
2026-08-17,02,CIRCULAR GERTY SENTIDO VOLTA,,Viagem Normal,V,1A,,,2026-08-17 10:35:00,,2026-08-17 11:12:00,,0.0,Dados de Utilização do Transporte Municipal/Agosto_2026/Mensal/Mensal_Viag_NRealiz_202608.html,Agosto_2026,monthly,2026-09-04T08:00:00
2026-08-18,03,BARCELONA CIRC. SENTIDO BAIRRO,,Viagem Normal,V,5A,,,2026-08-18 06:16:00,,2026-08-18 06:50:00,,0.0,Dados de Utilização do Transporte Municipal/Agosto_2026/Mensal/Mensal_Viag_NRealiz_202608.html,Agosto_2026,monthly,2026-09-04T08:00:00
2026-08-18,03,BARCELONA CIRC. SENTIDO ESTACAO,,Viagem Normal,I,5A,,,2026-08-18 05:48:00,,2026-08-18 06:16:00,,0.0,Dados de Utilização do Transporte Municipal/Agosto_2026/Mensal/Mensal_Viag_NRealiz_202608.html,Agosto_2026,monthly,2026-09-04T08:00:00
2026-08-19,03,BARCELONA CIRC. SENTIDO ESTACAO,,Viagem Normal,I,1A,,,2026-08-19 06:40:00,,2026-08-19 07:13:00,,0.0,Dados de Utilização do Transporte Municipal/Agosto_2026/Mensal/Mensal_Viag_NRealiz_202608.html,Agosto_2026,monthly,2026-09-04T08:00:00
2026-08-20,03,BARCELONA CIRC. SENTIDO ESTACAO,,Viagem Normal,I,1A,,,2026-08-20 11:12:00,,2026-08-20 11:45:00,,0.0,Dados de Utilização do Transporte Municipal/Agosto_2026/Mensal/Mensal_Viag_NRealiz_202608.html,Agosto_2026,monthly,2026-09-04T08:00:00
2026-08-21,04,B. SANTA PAULA SENTIDO ESTACAO,,Viagem Normal,I,3A,,,2026-08-21 12:55:00,,2026-08-21 13:30:00,,0.0,Dados de Utilização do Transporte Municipal/Agosto_2026/Mensal/Mensal_Viag_NRealiz_202608.html,Agosto_2026,monthly,2026-09-04T08:00:00
2026-08-24,02,CIRCULAR GERTY SENTIDO VOLTA,,Viagem Normal,V,3A,,,2026-08-24 09:21:00,,2026-08-24 09:53:00,,0.0,Dados de Utilização do Transporte Municipal/Agosto_2026/Mensal/Mensal_Viag_NRealiz_202608.html,Agosto_2026,monthly,2026-09-04T08:00:00
2026-08-25,03,BARCELONA CIRC. SENTIDO BAIRRO,,Viagem Normal,V,4A,,,2026-08-25 12:27:00,,2026-08-25 13:13:00,,0.0,Dados de Utilização do Transporte Municipal/Agosto_2026/Mensal/Mensal_Viag_NRealiz_202608.html,Agosto_2026,monthly,2026-09-04T08:00:00
2026-08-25,03,BARCELONA CIRC. SENTIDO ESTACAO,,Viagem Normal,I,4A,,,2026-08-25 13:13:00,,2026-08-25 13:48:00,,0.0,Dados de Utilização do Transporte Municipal/Agosto_2026/Mensal/Mensal_Viag_NRealiz_202608.html,Agosto_2026,monthly,2026-09-04T08:00:00
2026-08-28,01,B. SANTA MARIA SENTIDO ESTAÇÃO,,Viagem Normal,I,4A,,,2026-08-28 14:20:00,,2026-08-28 14:50:00,,0.0,Dados de Utilização do Transporte Municipal/Agosto_2026/Mensal/Mensal_Viag_NRealiz_202608.html,Agosto_2026,monthly,2026-09-04T08:00:00
2026-08-29,05,B. MAUÁ SENTIDO BAIRRO,,Viagem Normal,V,4B,,,2026-08-29 18:55:00,,2026-08-29 19:45:00,,0.0,Dados de Utilização do Transporte Municipal/Agosto_2026/Mensal/Mensal_Viag_NRealiz_202608.html,Agosto_2026,monthly,2026-09-04T08:00:00
2026-08-29,08,ESTAÇÃO VIA FUNDAÇÃO,,Viagem Normal,I,1A,,,2026-08-29 14:00:00,,2026-08-29 14:19:00,,0.0,Dados de Utilização do Transporte Municipal/Agosto_2026/Mensal/Mensal_Viag_NRealiz_202608.html,Agosto_2026,monthly,2026-09-04T08:00:00
2026-08-29,08,PROSPERIDADE,,Viagem Normal,V,1A,,,2026-08-29 13:30:00,,2026-08-29 14:00:00,,0.0,Dados de Utilização do Transporte Municipal/Agosto_2026/Mensal/Mensal_Viag_NRealiz_202608.html,Agosto_2026,monthly,2026-09-04T08:00:00
2026-08-29,08,PROSPERIDADE,,Viagem Normal,V,1B,,,2026-08-29 14:20:00,,2026-08-29 14:50:00,,0.0,Dados de Utilização do Transporte Municipal/Agosto_2026/Mensal/Mensal_Viag_NRealiz_202608.html,Agosto_2026,monthly,2026-09-04T08:00:00
2026-08-30,02,CIRCULAR GERTY SENTIDO IDA,,Viagem Normal,I,1A,,,2026-08-30 12:15:00,,2026-08-30 12:45:00,,0.0,Dados de Utilização do Transporte Municipal/Agosto_2026/Mensal/Mensal_Viag_NRealiz_202608.html,Agosto_2026,monthly,2026-09-04T08:00:00
2026-08-30,02,CIRCULAR GERTY SENTIDO VOLTA,,Viagem Normal,V,1A,,,2026-08-30 11:45:00,,2026-08-30 12:15:00,,0.0,Dados de Utilização do Transporte Municipal/Agosto_2026/Mensal/Mensal_Viag_NRealiz_202608.html,Agosto_2026,monthly,2026-09-04T08:00:00
2026-09-02,02,CIRCULAR GERTY SENTIDO IDA,,Viagem Normal,I,4B,,,2026-09-02 19:28:00,,2026-09-02 20:03:00,,0.0,Dados de Utilização do Transporte Municipal/Setembro_2026/Quinzenal/Quinzenal_Viag_NRealiz_202609.html,Setembro_2026,fortnightly,2026-09-15T08:00:00
2026-09-02,06,B. NOVA GERTY SENTIDO ESTACAO,,Viagem Normal,I,3B,,,2026-09-02 18:08:00,,2026-09-02 18:43:00,,0.0,Dados de Utilização do Transporte Municipal/Setembro_2026/Quinzenal/Quinzenal_Viag_NRealiz_202609.html,Setembro_2026,fortnightly,2026-09-15T08:00:00
2026-09-02,07,B. BOA VISTA SENTIDO BAIRRO,,Viagem Normal,V,2B,,,2026-09-02 14:20:00,,2026-09-02 15:00:00,,0.0,Dados de Utilização do Transporte Municipal/Setembro_2026/Quinzenal/Quinzenal_Viag_NRealiz_202609.html,Setembro_2026,fortnightly,2026-09-15T08:00:00
2026-09-03,02,CIRCULAR GERTY SENTIDO IDA,,Viagem Normal,I,8B,,,2026-09-03 20:48:00,,2026-09-03 21:20:00,,0.0,Dados de Utilização do Transporte Municipal/Setembro_2026/Quinzenal/Quinzenal_Viag_NRealiz_202609.html,Setembro_2026,fortnightly,2026-09-15T08:00:00
2026-09-10,03,BARCELONA CIRC. SENTIDO ESTACAO,,Viagem Normal,I,7A,,,2026-09-10 11:40:00,,2026-09-10 12:15:00,,0.0,Dados de Utilização do Transporte Municipal/Setembro_2026/Quinzenal/Quinzenal_Viag_NRealiz_202609.html,Setembro_2026,fortnightly,2026-09-15T08:00:00
2026-09-10,06,B. NOVA GERTY SENTIDO BAIRRO,1648,Viagem Normal,V,5B,,,2026-09-10 23:55:00,,2026-09-11 00:15:00,,0.0,Dados de Utilização do Transporte Municipal/Setembro_2026/Quinzenal/Quinzenal_Viag_NRealiz_202609.html,Setembro_2026,fortnightly,2026-09-15T08:00:00
2026-09-10,06,B. NOVA GERTY SENTIDO ESTACAO,1648,Viagem Normal,I,5B,AT,,2026-09-10 23:20:00,2026-09-10 23:35:21,2026-09-10 23:55:00,,0.0,Dados de Utilização do Transporte Municipal/Setembro_2026/Quinzenal/Quinzenal_Viag_NTerm_202609.html,Setembro_2026,fortnightly,2026-09-15T08:00:00
2026-09-11,03,BARCELONA CIRC. SENTIDO BAIRRO,,Viagem Normal,V,3B,,,2026-09-11 17:19:00,,2026-09-11 18:00:00,,0.0,Dados de Utilização do Transporte Municipal/Setembro_2026/Quinzenal/Quinzenal_Viag_NRealiz_202609.html,Setembro_2026,fortnightly,2026-09-15T08:00:00
2026-09-11,03,BARCELONA CIRC. SENTIDO ESTACAO,,Viagem Normal,I,3B,,,2026-09-11 16:44:00,,2026-09-11 17:19:00,,0.0,Dados de Utilização do Transporte Municipal/Setembro_2026/Quinzenal/Quinzenal_Viag_NRealiz_202609.html,Setembro_2026,fortnightly,2026-09-15T08:00:00
